time,wallTime,pacc_liq,pin_LHEX_liq,Tout_LHEX_liq,Tin_LHEX_liq,cooling_power
0.0,1.029629544,150739.831747,250739.831747,298.15,273.0,0.1
1.1,1.076301847,151042.653221,367659.122088,297.677902709,274.249218373,0.167705979121
2.1,1.154073007,151274.538789,452455.68258200004,297.23072092,274.830387517,0.223115158085
3.1,1.173036802,151461.14083699998,514192.2253219999,296.749009714,277.9127123,0.27324344712
4.1,1.189709435,151652.94731999998,572234.686187,296.305383783,281.525859977,0.318593453505
5.2,1.207851811,151836.38381009997,625992.8352381,295.908083072,285.268257341,0.36351481335
6.3,1.227621337,151981.0890329,659476.7786789,295.624654091,288.327322094,0.403766427453
7.4,1.247522283,152086.8333461,683186.9517861,295.447241055,290.59418564,0.439823595251
8.5,1.268070199,152159.32271849999,701379.7508565,295.355006977,292.170494976,0.472131043191
9.6,1.288263504,152209.32546809997,715797.2428661,295.326534875,293.227213925,0.501073214494
10.7,1.31123512,152244.2090177,726688.4707647,295.343673113,293.92864513,0.526998111592
11.8,1.333861196,152274.0104735,735160.1745245,295.392489119,294.400031769,0.550224980731
12.9,1.356608461,152294.9756117,741801.2053747,295.463090615,294.729445591,0.571032213548
14.0,1.378959118,152313.14515399997,747099.448657,295.54872315,294.975875267,0.589673536772
15.1,1.401867474,152332.3368855,751359.5100955,295.644891544,295.175562598,0.606372694566
16.2,1.42800829,152349.58471020003,754747.9872922001,295.748568142,295.349779138,0.621332716826
17.2,1.451834496,152366.41245400003,757229.519338,295.847548414,295.496178083,0.633575911026
18.2,1.471205001,152381.054488,759222.8442190001,295.949811651,295.635850572,0.644653813739
19.2,1.490204237,152397.171149,760828.547359,296.054438265,295.771917026,0.654677349342
20.2,1.513774923,152414.5013162,762111.2440292,296.160697505,295.905857918,0.663747974703
21.2,1.536804499,152428.84733189997,763114.4218329,296.26796725,296.03766135,0.671955591456
22.2,1.558715664,152444.97122259997,763898.6255626001,296.375704358,296.168219937,0.679382079945
23.2,1.581487971,152462.2866899,764498.7480479,296.483462431,296.29766645,0.686102161888
24.2,1.61186609,152479.6812684,764943.9870134,296.590838919,296.42575128,0.692182806687
25.2,1.639022797,152495.0750449,765258.8118399,296.697472767,296.551981358,0.697749281835
26.2,1.662656433,152509.9628865,765468.5784935,296.803288697,296.676435402,0.707025826964
27.2,1.682734069,152522.14351090003,765590.3279369,296.908843214,296.798569983,0.721994293719
28.2,1.701959483,152537.30616540002,765642.6983464,297.014794097,296.919456298,0.742208598678
29.2,1.718758478,152553.79319650002,765635.7099315,297.121759181,297.03902798,0.767182670926
30.2,1.734638132,152570.3363591,765578.3197060999,297.23032069,297.157385906,0.796443690956
31.2,1.752275357,152586.6362591,765478.4901411,297.341041176,297.274848942,0.829591192657
32.2,1.767818632,152600.8669105,765342.5519265,297.45442471,297.391458477,0.866172812068
33.2,1.783693466,152617.9460869,765175.7507789,297.571003252,297.508608821,0.905985183653
34.2,1.799286751,152633.5784931,764982.3873141,297.691267928,297.625834142,0.948630444936
35.2,1.820446237,152652.3841009,764764.7810988999,297.815724057,297.744946712,0.993928867501
36.2,1.83577362,152669.66903589998,764526.1092639,297.944874261,297.865344279,1.04155179449
37.2,1.852086905,152688.4748676,764267.5838116,298.079178263,297.98808242,1.0913297875
38.2,1.867744368,152707.5709708,763990.7106558,298.219124799,298.113428422,1.143033348
39.2,1.883765432,152725.0468904,763697.2875054,298.365161172,298.241397129,1.19641118172
40.2,1.904443387,152747.3722248,763385.7614408,298.517759125,298.373911835,1.25145976448
41.2,1.924331912,152767.75985580002,763058.4402068,298.677409228,298.510132995,1.30789641047
42.2,1.946612758,152791.1914754,762713.6907923999,298.844545323,298.651478051,1.36566823232
43.2,1.964267492,152815.2128875,762352.2659155,299.019647014,298.798022269,1.4246226152
44.2,1.980503166,152836.69165509997,761975.4558830999,299.203137627,298.949189862,1.4845297682
45.2,1.997009101,152861.95490409998,761580.4021121,299.395441831,299.107100109,1.54543599641
46.2,2.013769625,152888.53249920002,761167.4052252,299.597055073,299.271754693,1.6072259238
47.2,2.031501259,152914.88004810002,760736.7120701,299.808420408,299.443057056,1.66976730823
48.2,2.050566314,152944.9001586,760285.6877486,300.029947115,299.622598464,1.73306930958
49.2,2.066927809,152973.5376118,759816.3783918,300.262117388,299.809319359,1.79695363876
50.2,2.085637183,153004.7338161,759326.1731360999,300.505354441,300.004830715,1.86142752987
51.2,2.103995849,153034.3579217,758816.8679896999,300.759805394,300.208025807,1.92510204607
52.2,2.125430894,153071.718801,758282.552522,301.024987798,300.422837608,1.98751744084
53.2,2.141941939,153107.3018965,757728.1053805001,301.300531233,300.646345431,2.04868021905
54.2,2.157754743,153144.9701666,757151.5532875999,301.585903314,300.879796595,2.10875715587
55.2,2.176030447,153182.8178111,756554.7133341,301.880643158,301.122327349,2.16783023566
56.2,2.194632702,153222.9261113,755936.2440783001,302.184464559,301.375023311,2.22606652936
57.2,2.241665075,153268.1652926,755294.0636116,302.497104211,301.63920927,2.2836249449
58.2,2.259017098,153309.2006778,754636.2059208001,302.818201634,301.909464219,2.34042276407
59.2,2.276378383,153350.26081069998,753960.2659387,303.147456358,302.18881308,2.39657111798
60.2,2.292487937,153394.88027969998,753264.3005997,303.484615248,302.477784605,2.45220649473
61.2,2.312194172,153444.2238781,752547.6118981,303.829525924,302.777223706,2.50733242741
62.2,2.329032768,153490.0387545,751817.3453895,304.182084442,303.082923512,2.56181750749
63.2,2.347448854,153537.922893,751070.271438,304.540929512,303.396938296,2.61574652656
64.2,2.364020228,153586.8080929,750308.2925659,304.905290871,303.718779047,2.66916119802
65.3,2.381952252,153645.2539132,749450.6809692,305.311833078,304.083413589,2.72741942075
66.4,2.405694267,153703.0451238,748578.9246208,305.723862374,304.455730659,2.78513043848
67.5,2.422971602,153761.27652820002,747693.6596212,306.140639888,304.835443646,2.84233147813
68.6,2.448944479,153822.3874971,746793.6817791,306.561413843,305.223363385,2.89909205311
69.7,2.466027634,153882.8705109,745884.6565778999,306.985600412,305.617012939,2.95539918534
70.8,2.484375429,153944.75463070002,744966.3529217,307.412367601,306.016625443,3.01129051703
71.9,2.533470031,154007.850416,744039.397656,307.841176982,306.422138359,3.06682438117
73.0,2.554517247,154070.63282260002,743107.3576676,308.271252236,306.831355557,3.12196516668
74.1,2.578659894,154135.74402580003,742169.4315778001,308.701864666,307.245587659,3.17678214104
75.2,2.605490692,154199.5719633,741231.0335893,309.132341904,307.661684865,3.23122182035
76.3,2.628545998,154264.95999339997,740290.1366474001,309.562010784,308.081272936,3.2853660982
77.4,2.655541155,154328.9107925,739351.4777545,309.990253009,308.501515483,3.3391718704
78.5,2.67535622,154391.5700465,738416.9552445,310.416324942,308.921685883,3.39263807339
79.6,2.696091336,154455.4539723,737484.9236863,310.839467225,309.342885462,3.44580965016
80.7,2.714918692,154521.2057532,736555.4311972,311.259113164,309.7654078,3.49873649101
81.8,2.774898498,154588.79082,735629.401717,311.674656801,310.188489923,3.55142838523
82.9,2.797062134,154653.6073987,734713.1031597,312.085741088,310.608871135,3.60384703011
84.0,2.816064738,154714.3935458,733810.2455458,312.491666207,311.024174273,3.65592572093
85.1,2.835333484,154778.7152113,732912.7967723,312.891584978,311.439334607,3.70780769783
86.2,2.868930453,154844.78659580002,732023.2297248,313.285097781,311.852929261,3.7594957727
87.3,2.894321091,154905.5046942,731151.3798982,313.671934286,312.259484783,3.81087253465
88.4,2.93175206,154966.9422174,730291.2911894,314.051266204,312.662136413,3.86202029427
89.5,2.951252475,155025.24420110002,729448.6288481,314.422729143,313.058003247,3.91288148245
90.6,2.974700981,155086.90026039997,728616.3060314,314.785585062,313.450802675,3.96356855462
91.7,3.007084099,155146.46351690002,727801.2352329,315.139694389,313.836911622,4.01401922905
92.8,3.036022417,155203.2951367,727004.7958867,315.484671307,314.215425558,4.06423107419
93.9,3.057308323,155258.7731506,726226.3231266,315.820026637,314.586384686,4.1142086734
95.0,3.092141832,155316.23950109998,725462.4786171,316.145219292,314.95148137,4.16401302714
96.1,3.141316245,155370.498057,724719.8697439999,316.460220026,315.307507436,4.21358072761
97.2,3.181712164,155423.5594272,723996.4961402,316.764605689,315.655088447,4.26294539808
98.3,3.207156311,155474.3555292,723294.5854332,317.058057353,315.992860028,4.31206431239
99.4,3.225934075,155523.7538946,722613.5427176,317.340298198,316.321380526,4.3609779551
100.5,3.249128302,155573.1459145,721951.9443025,317.611017084,316.640979212,4.40926715551
101.6,3.278068239,155619.04563310003,721314.0909701,317.870016719,316.949544215,4.45292616245
102.7,3.31608287,155665.6179675,720696.6608105,318.116459916,317.247959785,4.49150077291
103.8,3.363513242,155706.6108236,720105.3297326,318.350504236,317.534325788,4.52552958454
104.9,3.398245901,155748.286924,719534.523728,318.571562923,317.811504279,4.55548916699
106.0,3.477527712,155788.5367455,718986.5785835,318.779701024,318.07726102,4.58180997458
107.1,3.510719702,155821.9988467,718467.0696626999,318.975215296,318.328887321,4.60488999859
108.2,3.574489679,155859.2888502,717966.4856382001,319.157454479,318.5706817,4.62505720651
109.3,3.620957572,155892.8967595,717491.9343525,319.32699787,318.799587488,4.64263438654
110.4,3.642097218,155924.7050486,717041.5317516,319.483865678,319.016239763,4.6578940484
111.5,3.671309396,155952.38616499997,716617.311328,319.628424804,319.219773084,4.67109559399
112.6,3.728959941,155980.87900359998,716215.0297745999,319.760572267,319.41183716,4.68245215252
113.7,3.772304082,156005.7364974,715838.1938534,319.880828721,319.591073377,4.69217174893
114.8,3.807459071,156027.43851170002,715486.2280147,319.989407415,319.757648105,4.70043119311
115.9,3.850686193,156049.04882340002,715156.5267274,320.086412477,319.912443332,4.7073881847
117.0,3.893996315,156070.4097931,714849.1587801,320.172081664,320.05580982,4.71318301701
118.1,3.955391362,156089.3970557,714564.8840187,320.246891496,320.187213619,4.71795072797
119.2,3.991008111,156103.18034340002,714305.3067523999,320.311261155,320.306355334,4.72180803294
120.3,4.059031589,156118.5380801,714065.6270701,320.365198914,320.414541507,4.72485447589
121.4,4.091761367,156129.8464652,713849.1429032,320.409253911,320.51129387,4.72721647412
122.5,4.14007845,156139.39113160002,713653.7431366,320.443673076,320.597095343,4.72902901124
123.6,4.202383196,156148.9678062,713478.2426832,320.468640134,320.672520001,4.73040959185
124.7,4.263191462,156156.2919455,713323.2619255,320.484565371,320.737571687,4.73146720327
125.8,4.368771131,156163.383155,713187.050697,320.491712175,320.792615731,4.73229867135
126.9,4.470533207,156168.3082323,713070.2688473,320.490468604,320.837821178,4.73299115184
128.0,4.562851631,156171.0020988,712972.3392648,320.481160072,320.873501689,4.73362204752
129.1,4.678497792,156171.75264760002,712892.5152566,320.464105345,320.899984619,4.7342605269
130.2,4.813560238,156172.6519267,712829.4311987,320.439515113,320.917571658,4.73496984392
131.3,4.922873627,156171.88529160002,712783.3333736,320.407754697,320.926551984,4.73580527063
132.4,5.018977133,156168.208627,712753.9722590001,320.369219406,320.927378048,4.73681433849
133.5,5.138013235,156165.20701040002,712739.7477664,320.324041899,320.920063134,4.73804552704
134.6,5.243492643,156160.5027294,712741.0428034,320.272562159,320.905102957,4.73953735565
135.7,5.315563042,156153.43402440002,712757.0122304,320.215149882,320.882979117,4.74132260149
136.8,5.362082904,156145.0122183,712787.1185043,320.152039572,320.853708048,4.74343349817
137.9,5.49897452,156139.5107304,712830.1351394,320.083307684,320.81724546,4.74591058914
139.0,5.575239221,156129.7425261,712886.8855361,320.009456711,320.774598603,4.74876427917
140.1,5.652545631,156119.9616879,712956.2026049,319.930583314,320.725547595,4.75202844578
141.2,5.692233942,156108.4781097,713037.2159706999,319.847090806,320.670677227,4.75571370821
142.3,5.764288391,156097.8926194,713129.8054644,319.759071781,320.609793937,4.75985078535
143.4,5.83745808,156085.6899845,713233.7548994999,319.666819438,320.543533001,4.76444981395
144.5,5.910053329,156072.58422780002,713348.1053868,319.57059523,320.472131245,4.76952458151
145.6,5.997064041,156059.0840038,713472.6643277999,319.47059336,320.39571819,4.77509184052
146.7,6.06486881,156044.3280839,713606.8664089,319.367079036,320.314725862,4.78115847917
147.8,6.187639593,156029.6341763,713750.3255253,319.260226674,320.229137283,4.78774150293
148.9,6.280668339,156014.5102527,713902.7057357,319.150251142,320.13926174,4.79484983449
150.0,6.394197669,156006.8577039,714055.3439809,319.038402599,320.087950929,4.80248543814
151.1,6.460155497,156013.45680659998,714116.3983446,318.77538518,320.283722005,4.81037997253
152.2,6.485037714,156023.4895668,714026.5536998,318.55070018,320.600536474,4.81818956411
153.3,6.519501483,156035.64794229998,713836.0270372999,318.380647918,320.905986655,4.82591638425
154.4,6.541402958,156043.7333264,713609.3313144,318.25532863,321.15313683,4.83353825345
155.5,6.561354462,156048.1749646,713384.1356826001,318.163509698,321.337923693,4.8410423621
156.6,6.5904963,156052.1198754,713176.5146904,318.09557443,321.469950483,4.84842580865
157.7,6.62408219,156055.2502909,712994.1423389,318.044217471,321.5619121,4.85568311136
158.8,6.646493176,156056.1995399,712839.1685079,318.004128463,321.624501719,4.86280068871
159.9,6.702393151,156057.0259441,712708.9996341,317.971617953,321.666166656,4.86977449073
161.0,6.817192351,156057.97394250002,712601.5523495,317.944142812,321.693068446,4.8766025105
162.1,6.854050031,156057.3676079,712514.8293349,317.919973867,321.709432713,4.88327218549
163.2,6.877537317,156056.45918900002,712445.54966,317.897942979,321.71829243,4.88977974612
164.3,6.898214703,156053.608544,712392.403697,317.877238623,321.721475709,4.89611669983
165.4,6.921607369,156053.8514364,712351.3478184,317.85731014,321.720381843,4.90229203305
166.5,6.992024088,156053.2226019,712322.0107229,317.837780835,321.716047498,4.90829531175
167.6,7.021516006,156050.2008813,712303.0135893,317.818398907,321.709225527,4.91411914897
168.7,7.061325777,156049.15989779998,712291.4592888,317.798999943,321.700327459,4.91976736232
169.8,7.082889182,156047.0981085,712287.4006855,317.779462368,321.68969378,4.92523411873
170.9,7.11153744,156044.9924862,712289.3922981999,317.75970788,321.67759636,4.9305182589
172.0,7.19096373,156043.8022061,712296.4028111,317.73969067,321.664392137,4.93561997754
173.1,7.236868592,156041.83787549997,712307.8730735,317.719392569,321.64996716,4.94053438502
174.2,7.258698268,156038.42489660002,712323.5369905999,317.698782341,321.634774911,4.94525852021
175.3,7.3072617,156036.1649484,712342.0867484,317.677883332,321.618726764,4.9497938328
176.4,7.364141415,156034.4483295,712363.6988845,317.656665081,321.601629073,4.95413973794
177.5,7.387505652,156031.8887955,712388.0821735,317.635125497,321.583921489,4.95829347275
178.6,7.409163307,156028.8286522,712414.4941572,317.613291242,321.565660018,4.96225265631
179.7,7.446595648,156027.0168563,712442.8034443,317.591172262,321.546818122,4.96601993381
180.8,7.466644542,156023.9338592,712473.0403292,317.568779543,321.52741864,4.96949171606
181.9,7.529266658,156021.9360293,712504.4735923001,317.546151947,321.507495389,4.97237351669
183.0,7.558462666,156019.3742392,712537.4796032,317.523324527,321.487126646,4.97469941281
184.1,7.600638137,156016.500022,712571.653385,317.500337198,321.466435893,4.97652335845
185.2,7.623916233,156012.7378556,712606.8059226,317.47723399,321.445344324,4.9778953868
186.3,7.670388116,156010.614573,712642.710934,317.45403206,321.423852864,4.97885482083
187.4,7.703705285,156008.37235320001,712679.5190942,317.430755197,321.402102351,4.97944170844
188.5,7.738444154,156005.4733181,712717.1500651,317.407423975,321.380094339,4.97969119686
189.6,7.76090382,156002.04309370002,712755.3526217,317.384062501,321.357990821,4.97963496233
190.7,7.809104643,155999.2327956,712793.9415536,317.36069611,321.335580232,4.97929938622
191.8,7.837015381,155996.3465615,712832.9997185001,317.337333291,321.313039033,4.97871035105
192.9,7.869454,155993.6599284,712872.5098484,317.313987687,321.290368212,4.9778888961
194.0,7.937613058,155991.009691,712912.346758,317.290672751,321.267596094,4.97685503699
195.1,7.994351823,155987.8014041,712952.5298051,317.267402382,321.244811368,4.97562768525
196.2,8.015181959,155983.7560915,712992.8355445,317.244198225,321.222009812,4.97422474179
197.3,8.05960535,155981.379119,713033.1508160001,317.221065594,321.199088374,4.97265612336
198.4,8.119052685,155979.1126252,713073.7043762,317.198010002,321.176140558,4.97093593953
199.5,8.149990733,155974.5293395,713114.6512285001,317.175039384,321.153312427,4.96907933863
200.6,8.2133755,155972.1708688,713155.1494347999,317.152173375,321.130406849,4.96711123756
201.7,8.252200491,155969.4589848,713195.7787968001,317.129407168,321.107548363,4.96516424179
202.8,8.317280229,155967.09705799998,713236.5532989999,317.106729497,321.084700331,4.96326623057
203.9,8.357541829,155964.18036549998,713277.2018525,317.084141483,321.061936793,4.9614259791
205.0,8.419929966,155960.57912940002,713317.9139463999,317.061638482,321.039273083,4.95964999611
206.1,8.461096527,155957.8537864,713358.3134054,317.039221021,321.016638994,4.95794374129
207.2,8.507516629,155954.5168881,713398.8431691,317.016880485,320.994096304,4.95631284283
208.3,8.531861105,155951.3163495,713439.2175245,316.994618263,320.971626632,4.95476220148
209.4,8.550739351,155949.2614048,713479.4563478,316.972424514,320.949241324,4.95329520894
210.5,8.568638905,155945.7951618,713519.7649628001,316.950296929,320.926857306,4.9519164873
211.6,8.618570569,155944.1636503,713559.8264843,316.928218349,320.904441105,4.95062868763
212.7,8.641166424,155940.868108,713599.9573049999,316.906187062,320.882183587,4.9494357428
213.8,8.66145031,155936.92773609998,713639.9434591001,316.884206746,320.860049218,4.94834029931
214.9,8.683832296,155933.944948,713679.7455879999,316.862272143,320.837927658,4.94734451124
216.0,8.730028857,155932.6003945,713719.4443195,316.84036836,320.815742019,4.94645069053
217.1,8.754312783,155928.7886912,713759.3467942,316.818491228,320.793740762,4.94566076972
218.2,8.791419094,155925.9521887,713798.9023507,316.79664234,320.771744332,4.94497652099
219.3,8.811510399,155923.42779339998,713838.5315284,316.774807899,320.749754389,4.94439969412
220.4,8.863705032,155920.9773471,713878.0463191,316.752983786,320.72779649,4.94393165908
221.5,8.934323451,155918.67705189998,713917.5321849,316.731162095,320.705848131,4.94357384164
222.6,8.96640769,155915.93565389997,713957.0583259,316.709332597,320.683935815,4.94332722773
223.7,9.033960328,155913.4639678,713996.4977118,316.687491198,320.66202464,4.94319306245
224.8,9.074711279,155909.2422099,714036.0835139,316.665634935,320.640235382,4.94317098498
225.9,9.104221857,155906.7537641,714075.2904081,316.643764801,320.618372719,4.94326324506
227.0,9.123898422,155903.73743540002,714114.8066054,316.621864108,320.596526103,4.94346996325
228.1,9.190186339,155901.79394950002,714154.2351045001,316.599925159,320.574595922,4.94379298429
229.2,9.228005688,155898.71737630002,714193.8347923,316.577938745,320.552714405,4.94423142821
230.3,9.248224023,155895.32169299998,714233.364987,316.555906628,320.530850487,4.9447854807
231.4,9.287826314,155892.6240677,714272.9998167,316.533816078,320.508908021,4.94545721605
232.5,9.341346388,155889.5817691,714312.7398991,316.511660603,320.486952383,4.94624598402
233.6,9.380718368,155887.1019626,714352.4002956001,316.489436255,320.464964259,4.94715299898
234.7,9.439660414,155884.4434509,714392.2045479,316.467134379,320.442888866,4.94817783502
235.8,9.50065715,155881.306835,714432.262313,316.44474199,320.420788396,4.94932085416
236.9,9.542293451,155878.48035589998,714472.2626659,316.422263484,320.398683563,4.95058248619
238.0,9.596735205,155875.89152409998,714512.5241641,316.399677476,320.376395091,4.95196418435
239.1,9.626972964,155872.8334255,714552.9123475,316.376979351,320.354078007,4.95346446666
240.2,9.663521824,155869.6090963,714593.3878353001,316.354168702,320.331711743,4.95508001799
241.3,9.739215085,155866.6910172,714634.1152352,316.33124153,320.309231828,4.95658764365
242.4,9.760486621,155863.25757010002,714674.9802041,316.308220247,320.286707126,4.95787172751
243.5,9.781580657,155860.6606671,714716.0243831,316.285117851,320.264024459,4.95896327672
244.6,9.841510762,155858.3039807,714757.2581536999,316.261945337,320.241224977,4.95989096493
245.7,9.873678391,155854.3562252,714798.8026132,316.238714296,320.218441685,4.96068063881
246.8,9.924990135,155851.7132536,714840.3008066,316.215438263,320.195506928,4.96135467068
247.9,9.948383252,155848.56779370003,714882.0830367,316.192118269,320.172524925,4.96193366635
249.0,9.975411919,155845.7175654,714923.9455684,316.168761953,320.149459428,4.96243592501
250.1,9.994906685,155841.5935243,714966.0618813,316.145376116,320.126434186,4.96287784741
251.2,10.016627501,155838.940052,715008.078574,316.121981019,320.103407157,4.96306541844
252.3,10.045485078,155835.134223,715050.491681,316.098584224,320.080196337,4.96285318449
253.4,10.097314122,155832.9099872,715092.7153872,316.075216336,320.056883434,4.96227892762
254.5,10.133663571,155829.886274,715135.191651,316.051898251,320.033611012,4.96138343708
255.6,10.17048926,155826.8355794,715177.7162454,316.028650344,320.010340165,4.9601992037
256.6,10.231722426,155824.8813225,715216.3473705,316.007590076,319.989134155,4.9588951068
257.6,10.275532339,155821.94302880001,715255.0330468001,315.98661169,319.968024765,4.9573992213
258.6,10.323080723,155818.8270088,715293.6662407999,315.965729538,319.946973936,4.95572899926
259.6,10.39140516,155816.7815093,715332.1505923,315.944951827,319.92589504,4.95389790351
260.6,10.441807463,155813.1059343,715370.7362193,315.924287725,319.904996772,4.95192744011
261.6,10.459005418,155809.9091809,715409.0652609001,315.90374967,319.884153301,4.9498275608
262.6,10.476212123,155806.9139424,715447.3799854,315.883339846,319.863373565,4.94761010684
263.6,10.495982649,155804.3727695,715485.4314964999,315.863067665,319.842664622,4.94528650101
264.6,10.544448111,155802.63320799998,715523.410102,315.84293049,319.821981922,4.94286390337
265.6,10.566574107,155799.44018130001,715561.3055543,315.822938102,319.801516938,4.9403579681
266.6,10.664611852,155798.0687309,715598.9281299,315.803089054,319.781022897,4.93776807227
267.6,10.708535034,155794.7461133,715636.4820503,315.783391024,319.760795114,4.93511126719
268.6,10.743839874,155791.4254964,715673.7124794,315.763855122,319.740717358,4.93239164397
269.6,10.822142025,155789.41269149998,715710.6679045,315.744481095,319.720683292,4.92961103776
270.6,10.848113791,155786.86967369998,715747.5334307001,315.725268049,319.700812794,4.92677824456
271.6,10.87761211,155784.0376485,715784.1400025,315.706221597,319.681111864,4.92389863942
272.6,10.898460505,155781.0111863,715820.4145883,315.687349497,319.661588776,4.92097784141
273.6,10.915568829,155778.39601159998,715856.4375146,315.668652521,319.642194757,4.91801775105
274.6,10.940780866,155776.3834138,715892.2446097999,315.650127287,319.622906975,4.91502018253
275.6,10.958595441,155774.35666700001,715927.7478969999,315.631777272,319.60382558,4.9119899264
276.6,10.978264478,155771.9711733,715963.0370203,315.613602084,319.584848647,4.90893084133
277.6,10.995485131,155769.3503206,715997.9642876,315.595604912,319.566073953,4.90584666672
278.6,11.033520101,155767.177165,716032.347631,315.577808351,319.548064194,4.90273868209
279.6,11.052910546,155764.83404689998,716066.4862099,315.560219164,319.529391665,4.89960902418
280.6,11.092400196,155762.40495370002,716100.5242397,315.542790436,319.510998332,4.89646030566
281.6,11.129491276,155760.1955604,716134.2716684,315.525534148,319.492830135,4.89329357885
282.6,11.176692928,155757.5626065,716167.7286284999,315.508457175,319.474903549,4.89011210608
283.6,11.196862024,155755.35281070002,716200.7636427,315.491566545,319.457157623,4.88691604891
284.6,11.223484301,155753.8990484,716233.4735374,315.474859322,319.439543437,4.8837042874
285.6,11.275564005,155751.7600097,716265.8369337,315.458343246,319.4223468,4.88048321238
286.6,11.29316212,155749.3270157,716297.6354737,315.44205969,319.405430341,4.87725161196
287.6,11.310371955,155746.6955515,716329.3769315,315.425949733,319.388300101,4.87401143147
288.6,11.333369932,155745.0284095,716360.7263705,315.410017579,319.371366103,4.87076065694
289.6,11.391537977,155743.2482012,716391.8224642,315.394265737,319.354663439,4.86750141757
290.6,11.424443305,155741.3143171,716422.5608351,315.378699836,319.338179992,4.86423501746
291.6,11.460000324,155739.2785665,716452.8925925,315.363325635,319.32191452,4.86096303662
292.6,11.500188115,155737.48078749998,716482.8777765001,315.348142943,319.305826338,4.85768451817
293.6,11.518286159,155735.0421929,716512.5444099,315.333153952,319.289975101,4.85440281086
294.6,11.56128554,155733.3744232,716541.8019462,315.318358001,319.274267826,4.85111431317
295.6,11.584859436,155731.0003652,716570.7653142,315.303757716,319.258802694,4.8478239683
296.6,11.603853202,155728.91778249998,716599.3371725,315.289353673,319.243512996,4.84452960037
297.6,11.657633606,155727.79776289998,716627.5200638999,315.275141263,319.2283496,4.84122831204
298.6,11.692122065,155726.38211489999,716655.3508829001,315.261121398,319.213396265,4.83792414405
299.6,11.738183568,155724.2429077,716682.9342217,315.24729453,319.198678578,4.83461844363
300.6,11.780455129,155773.6368067,716701.1274877001,315.233668349,319.184091317,4.83135712924
301.6,11.803743475,155821.5464396,716682.8751336001,315.220250117,319.169676625,4.82837340679
302.6,11.874547054,155837.826914,716653.533711,315.207014455,319.155482162,4.82567340509
303.6,11.89726451,155842.467409,716626.6552670001,315.193943099,319.141517628,4.82323033727
304.6,11.954616255,155842.84538289998,716606.5616299,315.181019397,319.127810731,4.82101967689
305.6,11.978201682,155841.6701703,716593.5834823,315.168230168,319.11432909,4.81901946699
306.6,12.011674671,155839.93604260002,716586.8362566,315.155560278,319.101000715,4.81720956215
307.6,12.050031821,155838.0096609,716585.6036279,315.142997078,319.087840625,4.81557185679
308.6,12.111478098,155836.0240229,716588.9504159,315.130530486,319.074831072,4.81408999907
309.6,12.134830254,155834.02934,716596.089959,315.118152856,319.061994439,4.81274918388
310.6,12.154423069,155832.0403236,716606.2675376,315.105856114,319.0492846,4.81153607757
311.6,12.170662114,155830.0620974,716618.9115284,315.093631609,319.036690164,4.81043859357
312.6,12.183801166,155828.0968829,716633.5478289,315.081475809,319.024214809,4.80944572491
313.6,12.19371841,155826.1456668,716649.7749898,315.069384148,319.011868283,4.80854723217
314.6,12.208573634,155824.2004457,716667.3368117,315.057346239,318.999526534,4.80773425276
315.6,12.223509987,155822.2641091,716685.9947421,315.045352643,318.987249741,4.80699876883
316.6,12.239662552,155820.33364979998,716705.5542598,315.033397075,318.97499735,4.80633308809
317.6,12.257156137,155818.4148086,716725.7712395999,315.021475376,318.96287239,4.80573075334
318.6,12.277277373,155816.50890369999,716746.4437017,315.009595906,318.950893518,4.80518636609
319.6,12.294282068,155814.60566549998,716767.6057864999,314.997752917,318.938894998,4.80469350495
320.6,12.323715076,155812.70269079998,716789.2280938,314.985933741,318.926852811,4.80424723044
321.6,12.3409124,155810.8061189,716811.1265638999,314.97413457,318.91487543,4.80384342107
322.6,12.357888116,155808.914789,716833.245315,314.962355294,318.902945102,4.80347789972
323.6,12.378761671,155807.026874,716855.56285,314.950592229,318.891040219,4.80314707574
324.6,12.396958136,155805.14436,716877.992555,314.938844226,318.879195904,4.8028477671
325.6,12.414427721,155803.26648,716900.5060899999,314.927114879,318.867394912,4.80257693588
326.6,12.431517406,155801.39134,716923.119189,314.915401657,318.855611724,4.80233182792
327.6,12.44699406,155799.519757,716945.776895,314.903699824,318.843862676,4.80211002552
328.6,12.473642188,155797.651881,716968.456818,314.89201504,318.832147479,4.80190933987
329.6,12.490403253,155795.79002,716991.15033,314.880340231,318.820467287,4.80172774954
330.6,12.507347207,155793.924182,717013.896786,314.868678269,318.808781033,4.80156345267
331.6,12.523710031,155792.06433,717036.6290249999,314.857026176,318.797133293,4.80141478673
332.6,12.541720337,155790.20330999998,717059.455268,314.845385648,318.78544596,4.80128024485
333.6,12.558307622,155788.343378,717082.294656,314.833749358,318.7737629,4.80115847001
334.6,12.574377856,155786.486228,717105.1063989999,314.822116918,318.762113752,4.80104831397
335.6,12.59204857,155784.63199999998,717127.891388,314.810490065,318.750500467,4.80094862434
336.6,12.611357704,155782.778788,717150.681487,314.798869983,318.738891331,4.80085839029
337.6,12.629626989,155780.925876,717173.490394,314.787255199,318.72727508,4.80077675063
338.6,12.648304535,155779.078431,717196.205598,314.775647169,318.715737384,4.8007028892
339.6,12.667550769,155777.22743199999,717219.019571,314.764043403,318.704129903,4.8006360393
340.6,12.684801754,155775.377243,717241.82861,314.752442335,318.692526841,4.80057553964
341.6,12.706216349,155773.530425,717264.580426,314.74084596,318.680968995,4.80052079532
342.6,12.722592134,155771.685192,717287.31331,314.729253683,318.669429122,4.80047127061
343.6,12.78134525,155769.836024,717310.14568,314.717661978,318.657817262,4.80042643492
344.6,12.799217505,155767.992433,717332.869116,314.706073159,318.646291702,4.80038587486
345.6,12.81538808,155766.154667,717355.484208,314.694494696,318.634847586,4.80034918429
346.6,12.881346437,155764.31006,717378.256797,314.682916919,318.623281869,4.80031597277
347.6,12.899363293,155762.49390899998,717400.973522,314.671341905,318.611764367,4.80028592432
348.6,12.920789818,155760.62782,717423.697281,314.659772913,318.600240815,4.80025873174
349.6,12.945540595,155758.786036,717446.437822,314.648204412,318.588697552,4.80023412328
350.6,12.963803561,155756.944925,717469.1731349999,314.636634802,318.577162719,4.80021185473
351.6,12.984388836,155755.10704499998,717491.84911,314.625069236,318.56567356,4.80019170749
352.6,13.00401808,155753.267325,717514.575237,314.613504882,318.554148094,4.8001734729
353.6,13.023354696,155751.430647,717537.245025,314.601945082,318.542664596,4.8001569746
354.6,13.039886331,155749.595052,717559.901752,314.590389601,318.5311903,4.80014204865
355.6,13.058607876,155747.755538,717582.653706,314.578833541,318.519646958,4.80012853699
356.6,13.080111022,155745.921795,717605.2966659999,314.567280345,318.50819103,4.80011631352
357.6,13.098860687,155744.086987,717627.9692589999,314.55572888,318.496711532,4.80010525362
358.6,13.117154933,155742.257151,717650.5427689999,314.544182185,318.48530464,4.80009524621
359.6,13.138721689,155740.418898,717673.321381,314.53263885,318.473750481,4.80008618778
360.6,13.186934441,155738.583899,717696.027475,314.521093486,318.462248887,4.80007799125
361.6,13.209739327,155736.747455,717718.773818,314.509544603,318.450722707,4.80007057434
362.6,13.236443903,155734.91771,717741.39188,314.498002042,318.439298929,4.80006386243
363.6,13.253943988,155733.087039,717764.034689,314.486462611,318.427850371,4.80005778967
364.6,13.283785326,155731.249969,717786.823932,314.47492105,318.416294082,4.80005229169
365.6,13.29885083,155729.424348,717809.37448,314.463383786,318.404921181,4.80004732002
366.6,13.345421293,155727.59133,717832.1041809999,314.451850891,318.393414857,4.80004281879
367.6,13.365309717,155725.76045899998,717854.78675,314.440314738,318.38194342,4.80003874645
368.6,13.398344867,155723.927696,717877.521452,314.428778848,318.370436112,4.8000350612
369.6,13.417033281,155722.096453,717900.2319509999,314.417242671,318.358952566,4.80003172612
370.6,13.434632807,155720.26545,717922.946384,314.405704333,318.347471181,4.80002870758
371.6,13.452602342,155718.437765,717945.5975479999,314.394170198,318.336040259,4.80002597717
372.6,13.470050638,155716.608548,717968.2886529999,314.382638464,318.324576183,4.80002350648
373.6,13.503974466,155714.779532,717990.9848849999,314.371108115,318.313109116,4.80002127066
374.6,13.532870074,155712.951237,718013.676214,314.359577219,318.301650443,4.80001924764
375.6,13.550092758,155711.12466,718036.339531,314.348050272,318.290214598,4.80001741674
376.6,13.572630455,155709.297773,718059.018435,314.336526002,318.278765115,4.80001576042
377.6,13.591757011,155707.469231,718081.743212,314.325001016,318.267285188,4.80001426161
378.6,13.611508926,155705.641906,718104.451381,314.313476683,318.255820693,4.80001290521
379.6,13.628166341,155703.815446,718127.1510899999,314.301951638,318.244367364,4.80001167796
380.6,13.66185647,155701.989561,718149.847429,314.290429147,318.23291699,4.80001056716
381.6,13.678326535,155700.166447,718172.493496,314.278909712,318.221507618,4.80000956211
382.6,13.69505835,155698.339642,718195.228492,314.267391656,318.21003119,4.80000865268
383.6,13.713403855,155696.516589,718217.9253049999,314.255876382,318.19860825,4.80000782952
384.6,13.752669265,155694.693401,718240.578554,314.244363001,318.187177922,4.80000708502
385.6,13.769599289,155692.871081,718263.2392859999,314.232851987,318.175755723,4.8000064112
386.6,13.796946506,155691.044261,718286.0132169999,314.221340113,318.164253832,4.80000580142
387.6,13.816755731,155689.221925,718308.7010059999,314.209828685,318.152823273,4.80000524953
388.6,13.841906079,155687.401863,718331.352834,314.198320053,318.141425187,4.80000475015
389.6,13.870928497,155685.57659799999,718354.12937,314.186811493,318.129934522,4.80000429823
390.6,13.888016792,155683.757208,718376.781319,314.175304328,318.118538634,4.80000388953
391.6,13.905401308,155681.93501699998,718399.5038269999,314.16379884,318.107089516,4.80000351963
392.6,13.921857122,155680.115095,718422.186339,314.152295484,318.095671733,4.8000031849
393.6,13.948632759,155678.291651,718444.956224,314.140790081,318.08419461,4.80000288203
394.6,13.965182453,155676.47438,718467.600179,314.12928807,318.072811636,4.80000260796
395.6,14.000315713,155674.65159,718490.376922,314.117786315,318.061332744,4.80000235992
396.6,14.017328107,155672.832495,718513.0812199999,314.106285076,318.049911179,4.80000213543
397.6,14.035540333,155671.012205,718535.8219989999,314.094782036,318.038469354,4.80000193232
398.6,14.055244367,155669.193412,718558.538337,314.083281768,318.027045546,4.80000174856
399.6,14.072361393,155667.376983,718581.2120119999,314.071785918,318.015653409,4.80000158225
400.6,14.087674016,155665.587646,718603.843104,314.060291457,318.004293447,4.80000143179
401.6,14.104622571,155663.743216,718626.614845,314.048801459,317.992832277,4.80000129563
402.6,14.123348486,155661.92685,718649.317317,314.037311746,317.981420496,4.80000117243
403.6,14.141174382,155660.10903999998,718672.061796,314.025822363,317.969981384,4.80000106091
404.6,14.160097847,155658.290062,718694.8405459999,314.014330902,317.958520046,4.80000095998
405.6,14.179806872,155656.472968,718717.5882659999,314.002838183,317.947089321,4.80000086867
406.6,14.197193866,155654.660868,718740.235966,313.991348733,317.935735111,4.80000078606
407.6,14.215091181,155652.843449,718763.0083849999,313.979862364,317.92428585,4.80000071128
408.6,14.242556608,155651.02711,718785.7662269999,313.968374246,317.912852231,4.80000064362
409.6,14.265097684,155649.21527699998,718808.4350139999,313.956888258,317.901487605,4.80000058243
410.6,14.282474488,155647.401635,718831.153461,313.945408145,317.890083427,4.80000052704
411.6,14.298612062,155645.585429,718853.937365,313.933926024,317.878634022,4.80000047691
412.6,14.315068526,155643.77171,718876.6766039999,313.922442968,317.867223085,4.80000043156
413.6,14.335697842,155641.956717,718899.455031,313.910961159,317.855786272,4.80000039051
414.6,14.353447167,155640.144326,718922.184745,313.899478723,317.844389491,4.80000035337
415.6,14.369526521,155638.332663,718944.90816,313.888000192,317.832998291,4.80000031976
416.6,14.386646956,155636.519729,718967.667896,313.876522411,317.821581615,4.80000028936
417.6,14.40384101,155634.70906599998,718990.386377,313.865045581,317.81019663,4.80000026184
418.6,14.422316335,155632.896288,719013.163248,313.853570924,317.798771357,4.80000023694
419.6,14.439548559,155631.086351,719035.8852789999,313.842097644,317.787387894,4.8000002144
420.6,14.456590823,155629.274812,719058.653648,313.830625135,317.775971606,4.80000019401
421.6,14.472989108,155627.464092,719081.414,313.8191521,317.764567489,4.80000017557
422.6,14.488876702,155625.657537,719104.099893,313.807686827,317.75322087,4.80000015888
423.6,14.504654666,155623.848378,719126.845585,313.796220137,317.741826366,4.80000014376
424.6,14.520983869,155622.04040199998,719149.5742619999,313.784756303,317.730445066,4.80000013009
425.6,14.542765186,155620.232381,719172.314138,313.773294789,317.719056883,4.80000011772
426.6,14.55991549,155618.425299,719195.0429349999,313.761833984,317.707679197,4.80000010653
427.6,14.576691455,155616.61486499998,719217.8572399999,313.750372551,317.696242527,4.8000000964
428.6,14.59582678,155614.81083,719240.542253,313.738910979,317.684906688,4.80000008723
429.6,14.612801906,155612.999699,719263.400466,313.727451355,317.673449948,4.80000007893
430.6,14.646037614,155611.190255,719286.223103,313.715986935,317.662022652,4.80000007142
431.6,14.684265595,155609.383327,719308.996911,313.704521524,317.650635744,4.80000006463
432.6,14.700855769,155607.578293,719331.737601,313.693061205,317.639272025,4.80000005848
433.6,14.717918195,155605.77236,719354.5071299999,313.681602267,317.627887775,4.80000005292
434.6,14.735840939,155603.970087,719377.2097959999,313.670148234,317.616556867,4.80000004789
435.6,14.763396595,155602.164455,719399.995644,313.658697122,317.605161045,4.80000004333
436.6,14.782191309,155600.357502,719422.8170299999,313.647243815,317.593741255,4.80000003921
437.6,14.799680704,155598.553004,719445.590442,313.635788858,317.58236178,4.80000003548
438.6,14.819309399,155596.750028,719468.343271,313.624335883,317.571001566,4.80000003211
439.6,14.838094925,155594.943921,719491.1730869999,313.612884332,317.559584084,4.80000002905
440.6,14.869037533,155593.139988,719513.963766,313.60143175,317.548200113,4.80000002629
441.6,14.891168209,155591.335042,719536.7877,313.589978636,317.536796985,4.80000002379
442.6,14.922365617,155589.529168,719559.641033,313.578523202,317.525377842,4.80000002153
443.6,14.938279731,155587.732083,719582.3104,313.567074079,317.514096011,4.80000001948
444.6,14.956796366,155585.928975,719605.122825,313.555628719,317.502704855,4.80000001763
445.6,14.97319397,155584.129756,719627.855441,313.544185728,317.491372612,4.80000001595
446.6,15.017956382,155582.32501899998,719650.71963,313.532742488,317.479944414,4.80000001443
447.6,15.058256233,155580.52873,719673.412292,313.521301422,317.468650462,4.80000001306
448.6,15.078448888,155578.727272,719696.2325769999,313.509863304,317.457262094,4.80000001182
449.6,15.123043829,155576.924359,719719.08728,313.498424305,317.445847103,4.80000001069
450.6,15.162978749,155575.12292,719741.917703,313.486983683,317.434454309,4.80000000968
451.6,15.179904014,155573.323789,719764.7072589999,313.475543023,317.423096771,4.80000000876
452.6,15.196627839,155571.527377,719787.446287,313.464106086,317.411778609,4.80000000792
453.6,15.212968364,155569.730661,719810.200827,313.452674036,317.400446757,4.80000000717
454.6,15.229234558,155567.93426,719832.96165,313.441247483,317.389108572,4.80000000649
455.6,15.253993275,155566.135577,719855.782344,313.42982084,317.377726791,4.80000000587
456.6,15.27102707,155564.33820199998,719878.5838019999,313.418392478,317.366364979,4.80000000531
457.6,15.291372695,155562.540621,719901.400512,313.406963766,317.354996639,4.80000000481
458.6,15.315156891,155560.739899,719924.298372,313.395533211,317.343574576,4.80000000435
459.6,15.338931038,155558.94426,719947.093238,313.384102602,317.332235248,4.80000000394
460.6,15.354537032,155557.176724,719969.8134389999,313.372673385,317.320950829,4.80000000356
461.6,15.395113693,155555.354571,719992.688308,313.361250766,317.309563286,4.80000000322
462.6,15.412848887,155553.561961,720015.4407639999,313.349827784,317.298255311,4.80000000292
463.6,15.429016642,155551.767244,720038.249582,313.338410113,317.286902568,4.80000000264
464.6,15.451480797,155549.970626,720061.108378,313.326989215,317.27551714,4.80000000239
465.6,15.481197386,155548.172952,720084.0020399999,313.31556565,317.264112234,4.80000000216
466.6,15.511928704,155546.37963799998,720106.80854,313.304140753,317.252780272,4.80000000196
467.6,15.528674738,155544.587768,720129.5927619999,313.292721244,317.241463711,4.80000000177
468.6,15.546737823,155542.795006,720152.405379,313.281304564,317.230124995,4.8000000016
469.6,15.564457868,155541.001975,720175.2337849999,313.269889166,317.218777136,4.80000000145
470.6,15.581014503,155539.209127,720198.068157,313.258474723,317.207425527,4.80000000131
471.6,15.599224717,155537.417487,720220.885069,313.247060394,317.196091767,4.80000000119
472.6,15.689281641,155535.620291,720243.836832,313.235642914,317.184663726,4.80000000107
473.6,15.706068975,155533.831621,720266.607186,313.224227443,317.173373962,4.80000000097
474.6,15.735897744,155532.040043,720289.4515879999,313.212814133,317.162030495,4.80000000088
475.6,15.758872971,155530.255067,720312.162669,313.20140616,317.150787711,4.8000000008
476.6,15.776781665,155528.464148,720335.0176779999,313.190003697,317.13943525,4.80000000072
477.6,15.792916669,155526.70187299998,720357.77862,313.178598883,317.128150828,4.80000000065
478.6,15.813297255,155524.887235,720380.640674,313.167200317,317.116796554,4.80000000059
479.6,15.829726158,155523.096772,720403.510092,313.155799086,317.105436955,4.80000000053
480.6,15.847222383,155521.307259,720426.3667329999,313.144398068,317.09409013,4.80000000048
481.6,15.864805078,155519.52397,720449.094326,313.132997565,317.082841513,4.80000000044
482.6,15.882336543,155517.73485799998,720471.9743189999,313.121602652,317.071487645,4.8000000004
483.6,15.898762027,155515.945705,720494.855137,313.110206533,317.060129567,4.80000000036
484.6,15.916518803,155514.159654,720517.674996,313.098808878,317.048820288,4.80000000032
485.6,15.933534877,155512.373947,720540.497507,313.087413657,317.037511746,4.80000000029
486.6,15.949212241,155510.587963,720563.33727,313.076021273,317.026191591,4.80000000026
487.6,15.966088565,155508.799692,720586.2383569999,313.064628656,317.014830665,4.80000000024
488.6,15.98630542,155507.013214,720609.1074989999,313.053234447,317.003496498,4.80000000022
489.6,16.020408679,155505.227566,720631.9683879999,313.041841908,316.992172348,4.8000000002
490.6,16.046057615,155503.44329199998,720654.807389,313.030448992,316.980867125,4.80000000018
491.6,16.06325059,155501.658979,720677.658735,313.019059534,316.969554822,4.80000000016
492.6,16.085672215,155499.871213,720700.5956839999,313.007666183,316.958185273,4.80000000015
493.6,16.10156145,155498.089256,720723.410503,312.996275544,316.946909045,4.80000000013
494.6,16.126483817,155496.302413,720746.343778,312.984886104,316.935544293,4.80000000012
495.6,16.143857962,155494.521656,720769.149047,312.973499364,316.9242762,4.80000000011
496.6,16.17587342,155492.735831,720792.077528,312.962111654,316.912919564,4.8000000001
497.6,16.194083126,155490.953074,720814.946554,312.950723606,316.901611407,4.80000000009
498.6,16.21421995,155489.17118099998,720837.805645,312.939338582,316.890311445,4.80000000008
499.6,16.232036536,155487.385959,720860.749369,312.927952211,316.878952471,4.80000000007
500.6,16.249305559,155485.60619299999,720883.579284,312.916568817,316.867679402,4.80000000007
501.6,16.266401143,155483.828427,720906.377241,312.905190106,316.85643251,4.80000000006
502.6,16.283153457,155482.04548,720929.301294,312.893813497,316.845089703,4.80000000005
503.6,16.299747011,155480.264599,720952.184393,312.882434945,316.833779618,4.80000000005
504.6,16.316744945,155478.4829,720975.096021,312.871056643,316.822452718,4.80000000004
505.6,16.33401302,155476.702869,720997.9799329999,312.859678031,316.81115094,4.80000000004
506.6,16.350026174,155474.925998,721020.802224,312.848305043,316.799893089,4.80000000004
507.6,16.36732784,155473.146223,721043.698204,312.836931846,316.788581442,4.80000000003
508.6,16.386370245,155471.372667,721066.513527,312.825566263,316.777362159,4.80000000003
509.6,16.403884089,155469.59347,721089.386512,312.814201686,316.766042883,4.80000000003
510.6,16.420764433,155467.816183,721112.263824,312.802838011,316.754750945,4.80000000002
511.6,16.453204762,155466.035645,721135.215817,312.791471061,316.743402409,4.80000000002
512.6,16.473230568,155464.257706,721158.1208179999,312.780102508,316.732097137,4.80000000002
513.6,16.534598253,155462.478802,721181.0589119999,312.768731625,316.720774672,4.80000000002
514.6,16.552268528,155460.70165499998,721203.967833,312.757362544,316.709478812,4.80000000002
515.6,16.571492973,155458.924192,721226.8914719999,312.745994817,316.698171312,4.80000000002
516.6,16.588951088,155457.14672299998,721249.8249209999,312.734626567,316.686862165,4.80000000001
517.6,16.607404473,155455.3703,721272.7425439999,312.723257838,316.675567083,4.80000000001
518.6,16.625814907,155453.601118,721295.504755,312.711895466,316.664385481,4.80000000001
519.6,16.643515602,155451.824666,721318.451151,312.700539198,316.653069774,4.80000000001
520.6,16.660258776,155450.053159,721341.288492,312.689183261,316.641831488,4.80000000001
521.6,16.676493171,155448.2781,721364.2194299999,312.677829913,316.630526559,4.80000000001
522.6,16.691426965,155446.505954,721387.0980059999,312.666480685,316.619261438,4.80000000001
523.6,16.70917952,155444.730934,721410.043692,312.655126756,316.607947464,4.80000000001
524.6,16.744508939,155442.95584799998,721433.000705,312.643770921,316.596633269,4.80000000001
525.6,16.762576663,155441.18578899998,721455.863788,312.63241952,316.585396099,4.80000000001
526.6,16.779211097,155439.41553,721478.733213,312.621069735,316.574149474,4.80000000001
527.6,16.796387973,155437.643121,721501.666296,312.60972261,316.562861165,4.8
528.6,16.817379338,155435.873412,721524.5381039999,312.598377764,316.551611343,4.8
529.6,16.837894093,155434.102058,721547.45733,312.587033595,316.540327829,4.8
530.6,16.854453367,155432.331483,721570.369216,312.57569005,316.529053567,4.8
531.6,16.895677399,155430.55748699998,721593.370915,312.564343576,316.51772127,4.8
532.6,16.913148404,155428.788746,721616.262029,312.552997628,316.506473924,4.8
533.6,16.929895778,155427.019998,721639.1650149999,312.541653674,316.49522238,4.8
534.6,16.951989483,155425.248092,721662.153922,312.530310007,316.48391175,4.8
535.6,16.969267517,155423.481597,721685.0244039999,312.518968687,316.472687426,4.8
536.6,17.007022517,155421.71266699999,721707.958536,312.507628999,316.461416861,4.8
537.6,17.023465901,155419.946679,721730.8333589999,312.496292709,316.450188848,4.8
538.6,17.041873786,155418.184114,721753.654551,312.484965095,316.43900581,4.8
539.6,17.072141825,155416.41335699998,721776.665495,312.473637817,316.427676772,4.8
540.6,17.089637348,155414.646357,721799.5988939999,312.46230677,316.416411022,4.8
541.6,17.106550303,155412.880162,721822.529308,312.450977869,316.405153649,4.8
542.6,17.124254708,155411.113219,721845.47866,312.439646327,316.39388217,4.8
543.6,17.142712703,155409.346921,721868.4236859999,312.428316607,316.382616566,4.8
544.6,17.178811303,155407.581412,721891.361694,312.416986027,316.37136223,4.8
545.6,17.196917367,155405.817606,721914.2836729999,312.405659185,316.360129786,4.8
546.6,17.227299235,155404.052306,721937.239077,312.394332604,316.348868198,4.8
547.6,17.249073081,155402.287876,721960.178949,312.383007868,316.337615523,4.8
548.6,17.269560076,155400.521063,721983.1813589999,312.371682721,316.326319472,4.8
549.6,17.287538351,155398.756867,722006.13358,312.360355626,316.31506624,4.8
550.6,17.304994635,155396.991901,722029.114033,312.349028844,316.303796906,4.8
551.6,17.330706242,155395.22827,722052.073841,312.337705347,316.29254362,4.8
552.6,17.347628107,155393.468306,722074.957342,312.326382112,316.281349017,4.8
553.6,17.366982762,155391.706892,722097.905053,312.315066977,316.270116659,4.8
554.6,17.402546922,155389.942107,722120.921106,312.303747683,316.258826184,4.8
555.6,17.420317707,155388.17962399998,722143.891942,312.292428297,316.247573592,4.8
556.6,17.436870711,155386.417121,722166.870285,312.281107673,316.236318309,4.8
557.6,17.453370066,155384.656421,722189.816967,312.269788967,316.225088131,4.8
558.6,17.472388941,155382.895485,722212.780167,312.258474023,316.213845316,4.8
559.6,17.488940355,155381.135089,722235.7407579999,312.247160545,316.202607171,4.8
560.6,17.505962709,155379.37331999998,722258.74231,312.235845126,316.191343638,4.8
561.6,17.523382703,155377.612578,722281.730901,312.224530632,316.180093866,4.8
562.6,17.566607744,155375.850839,722304.750975,312.213214115,316.168825461,4.8
563.6,17.584962919,155374.092565,722327.700283,312.201897157,316.157613573,4.8
564.6,17.602804983,155372.336969,722350.598425,312.190586042,316.14643777,4.8
565.6,17.618605747,155370.580868,722373.5350779999,312.179286235,316.135237797,4.8
566.6,17.635088161,155368.820989,722396.552565,312.167983622,316.123969152,4.8
567.6,17.650624856,155367.06704999998,722419.44241,312.156682613,316.112797793,4.8
568.6,17.66908012,155365.310703,722442.40483,312.145386658,316.101574343,4.8
569.6,17.690536526,155363.551825,722465.4285329999,312.134088615,316.090305558,4.8
570.6,17.70869788,155361.794128,722488.435664,312.122787562,316.079056749,4.8
571.6,17.725229415,155360.036399,722511.454864,312.111486194,316.067804768,4.8
572.6,17.74153841,155358.28119,722534.4267419999,312.100186724,316.056589941,4.8
573.6,17.758407823,155356.52567099998,722557.414561,312.088887142,316.045367539,4.8
574.6,17.776188048,155354.7671,722580.48231,312.077586024,316.034091592,4.8
575.6,17.794167993,155353.01129,722603.494493,312.06628427,316.02286002,4.8
576.6,17.810248358,155351.257617,722626.470801,312.054985064,316.011657295,4.8
577.6,17.828390244,155349.503275,722649.465768,312.043688219,316.000441519,4.8
578.6,17.846617408,155347.752092,722672.4042979999,312.032398457,315.989267059,4.8
579.6,17.863591682,155345.998314,722695.406062,312.021108627,315.978043107,4.8
580.6,17.89168694,155344.244999,722718.40662,312.009818548,315.966822953,4.8
581.6,17.909522395,155342.490025,722741.456329,311.998527541,315.955571776,4.8
582.6,17.927310919,155340.737355,722764.462953,311.987237308,315.944356188,4.8
583.6,17.944977923,155338.987002,722787.4270949999,311.975949954,315.933173196,4.8
584.6,17.965090389,155337.233944,722810.4728239999,311.964663447,315.921938575,4.8
585.6,17.983919844,155335.485064,722833.413523,311.953377324,315.910771409,4.8
586.6,18.026116675,155333.729682,722856.521275,311.94209175,315.899490859,4.8
587.6,18.043214169,155331.979993,722879.5066079999,311.930805785,315.888303375,4.8
588.6,18.064084485,155330.23058099998,722902.501756,311.919522507,315.877114268,4.8
589.6,18.08235217,155328.480879,722925.514214,311.908241501,315.865912935,4.8
590.6,18.098168674,155326.733224,722948.484979,311.896963279,315.854740783,4.8
591.6,18.125491621,155324.984844,722971.4904049999,311.885688705,315.84354894,4.8
592.6,18.150744469,155323.234418,722994.546599,311.87441337,315.832317611,4.8
593.6,18.172095324,155321.482539,723017.640917,311.863135755,315.821059575,4.8
594.6,18.189990838,155319.736837,723040.6041519999,311.851860253,315.809901443,4.8
595.6,18.233896919,155317.986425,723063.6858829999,311.8405862,315.798659077,4.8
596.6,18.253479684,155316.238461,723086.718627,311.829308618,315.787458309,4.8
597.6,18.270796668,155314.49351,723109.693035,311.818035456,315.77630136,4.8
598.6,18.291494474,155312.745482,723132.7471449999,311.806763735,315.765087731,4.8
599.6,18.314423601,155310.99657,723155.832233,311.79549244,315.7538531,4.8
600.6,18.35161853,155309.248926,723178.895516,311.784218262,315.74264099,4.8
601.6,18.367946234,155307.506086,723201.859251,311.772948319,315.73150294,4.8
602.6,18.386519238,155305.759831,723224.9113019999,311.761682348,315.720298817,4.8
603.6,18.403598363,155304.01451,723247.949786,311.750415078,315.709107486,4.8
604.6,18.419845857,155302.27082099998,723270.962353,311.739151739,315.697936489,4.8
605.6,18.477693473,155300.522511,723294.090632,311.727886275,315.686684291,4.8
606.6,18.501444529,155298.780345,723317.092619,311.716621872,315.675532717,4.8
607.6,18.520018974,155297.033054,723340.221824,311.705357004,315.664290977,4.8
608.6,18.540304939,155295.29175,723363.21632,311.694092634,315.653147491,4.8
609.6,18.58544899,155293.54545499998,723386.336613,311.682831164,315.64191323,4.8
610.6,18.603364184,155291.800876,723409.424346,311.671567408,315.630705426,4.8
611.6,18.639838325,155290.063336,723432.371816,311.660311492,315.619607807,4.8
612.6,18.658325649,155288.319969,723455.4532519999,311.649055776,315.608404095,4.8
613.6,18.676717615,155286.576933,723478.535606,311.637798631,315.597204475,4.8
614.6,18.695861501,155284.83755199998,723501.542305,311.626544783,315.586061342,4.8
615.6,18.712808125,155283.09560899998,723524.6182029999,311.615292883,315.574867313,4.8
616.6,18.732080951,155281.352518,723547.730874,311.604039371,315.563652129,4.8
617.6,18.788938525,155279.611778,723570.797573,311.592784055,315.552475976,4.8
618.6,18.811949181,155277.871757,723593.856805,311.58153099,315.541308752,4.8
619.6,18.832414986,155276.131455,723616.936796,311.570280416,315.53012629,4.8
620.6,18.850720381,155274.419092,723639.923659,311.559030476,315.519013304,4.8
621.6,18.868146405,155272.662095,723662.9221849999,311.547790141,315.507933864,4.8
622.6,18.88706386,155270.924134,723685.942356,311.536554527,315.49676504,4.8
623.6,18.973984484,155269.18031,723709.1376,311.525317471,315.485492306,4.8
624.6,18.991437858,155267.443452,723732.1870299999,311.514075877,315.474338589,4.8
625.6,19.022437106,155265.70423499998,723755.304093,311.502834803,315.463141627,4.8
626.6,19.040294312,155263.968064,723778.3566449999,311.491594608,315.451992345,4.8
627.6,19.059521537,155262.230177,723801.4583759999,311.480354808,315.440810582,4.8
628.6,19.077957912,155260.50003999998,723824.3979079999,311.469121512,315.429750537,4.8
629.6,19.148146581,155258.75867399998,723847.6004979999,311.457886809,315.41849632,4.8
630.6,19.210126247,155257.021629,723870.7102379999,311.446647116,315.407316436,4.8
631.6,19.229886982,155255.28698499998,723893.7764529999,311.435411216,315.396172032,4.8
632.6,19.248601897,155253.552177,723916.8548689999,311.424176843,315.385018601,4.8
633.6,19.282442337,155251.818415,723939.920192,311.412946549,315.373875607,4.8
634.6,19.300434562,155250.083322,723963.025586,311.401715652,315.362706416,4.8
635.6,19.317253947,155248.35323,723986.023512,311.390486057,315.351617983,4.8
636.6,19.359002308,155246.618043,724009.172053,311.379264411,315.340430459,4.8
637.6,19.408260272,155244.88198499999,724032.32996,311.368035239,315.329231396,4.8
638.6,19.437874281,155243.147461,724055.458563,311.356804174,315.31805741,4.8
639.6,19.456324095,155241.41294799998,724078.598103,311.345573161,315.306880936,4.8
640.6,19.472626699,155239.681296,724101.679269,311.334343182,315.295751018,4.8
641.6,19.490303634,155237.95041299998,724124.7511989999,311.323118762,315.284623679,4.8
642.6,19.507675199,155236.220279,724147.8154109999,311.3118964,315.273503002,4.8
643.6,19.524205243,155234.488571,724170.926433,311.300675514,315.262350333,4.8
644.6,19.541288118,155232.759218,724193.992503,311.289457078,315.251230535,4.8
645.6,19.561130533,155231.030989,724217.045952,311.278243709,315.240120047,4.8
646.6,19.578301108,155229.29837499998,724240.211124,311.267028807,315.228931836,4.8
647.6,19.596148383,155227.569025,724263.3097069999,311.25581402,315.217796258,4.8
648.6,19.615483877,155225.84371699998,724286.325219,311.244602009,315.206723351,4.8
649.6,19.633004102,155224.112032,724309.5086269999,311.233391663,315.195535877,4.8
650.6,19.651395635,155222.384448,724332.599327,311.222180293,315.184415214,4.8
651.6,19.66934411,155220.654281,724355.763548,311.210970396,315.173245114,4.8
652.6,19.686750264,155218.927172,724378.859651,311.199761133,315.162122348,4.8
653.6,19.703513828,155217.199606,724401.977817,311.188553744,315.150987401,4.8
654.6,19.720936003,155215.471007,724425.127704,311.177345319,315.139831839,4.8
655.6,19.737859207,155213.744959,724448.221714,311.166140114,315.12872287,4.8
656.6,19.758747583,155212.019215,724471.3426989999,311.15493569,315.117595325,4.8
657.6,19.776564597,155210.290521,724494.523722,311.143728871,315.106426366,4.8
658.6,19.796719522,155208.563999,724517.6634419999,311.132521654,315.095291873,4.8
659.6,19.813761596,155206.838861,724540.780894,311.12131691,315.084174704,4.8
660.6,19.858694518,155205.111078,724563.97009,311.110112413,315.07301041,4.8
661.6,19.877434103,155203.386616,724587.088518,311.098907684,315.061898901,4.8
662.6,19.912403263,155201.660214,724610.26276,311.087705015,315.050748665,4.8
663.6,19.930142938,155199.937682,724633.354602,311.076502171,315.03966137,4.8
664.6,19.948962533,155198.214032,724656.4843659999,311.065303832,315.028547493,4.8
665.6,19.968334888,155196.489585,724679.6400029999,311.054105132,315.01741689,4.8
666.6,19.984781223,155194.766407,724702.7756449999,311.042909791,315.006299113,4.8
667.6,20.001628497,155193.044661,724725.898068,311.031718169,314.995197722,4.8
668.6,20.021947782,155191.320286,724749.087388,311.020524911,314.984048966,4.8
669.6,20.039341497,155189.596747,724772.2624359999,311.009330312,314.972912831,4.8
670.6,20.073475396,155187.872663,724795.459618,310.998134723,314.96176634,4.8
671.6,20.09140666,155186.150176,724818.6264579999,310.986938674,314.95064407,4.8
672.6,20.12954369,155184.430995,724841.726758,310.975747818,314.939570772,4.8
673.6,20.153915986,155182.710778,724864.8595929999,310.964558525,314.928473274,4.8
674.6,20.171460351,155180.99234599998,724887.960168,310.953372026,314.917399664,4.8
675.6,20.188112305,155179.271539,724911.1285839999,310.942188674,314.906277128,4.8
676.6,20.20660574,155177.54920799998,724934.343585,310.931004861,314.895124795,4.8
677.6,20.223227335,155175.829228,724957.511659,310.919818813,314.884011886,4.8
678.6,20.24413047,155174.109991,724980.673979,310.908633792,314.872907544,4.8
679.6,20.284995791,155172.388768,725003.89226,310.897447548,314.861766844,4.8
680.6,20.301308304,155170.67073399998,725027.0462389999,310.886263612,314.850675353,4.8
681.6,20.31939907,155168.95376899999,725050.182189,310.875082178,314.839597088,4.8
682.6,20.366888071,155167.239583,725073.263724,310.863905315,314.828557328,4.8
683.6,20.382926127,155165.520923,725096.4701309999,310.852732112,314.817433009,4.8
684.6,20.401331342,155163.802853,725119.6622949999,310.841558863,314.806313171,4.8
685.6,20.43017973,155162.087155,725142.8084379999,310.830386449,314.795229358,4.8
686.6,20.448989505,155160.369554,725166.011173,310.819215,314.784108076,4.8
687.6,20.466992461,155158.65322799998,725189.192662,310.808041958,314.773006347,4.8
688.6,20.488131186,155156.937403,725212.3758289999,310.796871486,314.761907622,4.8
689.6,20.50479584,155155.22409899998,725235.5069329999,310.785700802,314.750850489,4.8
690.6,20.521760143,155153.508275,725258.708492,310.774535124,314.739739837,4.8
691.6,20.555067892,155151.794711,725281.864694,310.763370434,314.728664296,4.8
692.6,20.571274027,155150.08278199998,725304.990958,310.752205938,314.717611908,4.8
693.6,20.589074992,155148.367347,725328.2190159999,310.741043866,314.706491244,4.8
694.6,20.636939484,155146.655615,725351.372276,310.729885123,314.695428483,4.8
695.6,20.657644458,155144.941103,725374.594593,310.718723992,314.684315941,4.8
696.6,20.683129805,155143.224954,725397.8627279999,310.707560257,314.673173942,4.8
697.6,20.7046548,155141.512552,725421.0524769999,310.69639599,314.662095679,4.8
698.6,20.725857836,155139.799729,725444.2610889999,310.685232827,314.651006507,4.8
699.6,20.74215641,155138.089527,725467.416687,310.674073457,314.639955538,4.8
700.6,20.759103755,155136.377986,725490.612873,310.662916612,314.628872719,4.8
701.6,20.778043621,155134.665246,725513.847068,310.651758565,314.617768523,4.8
702.6,20.800462786,155132.953893,725537.059109,310.640601861,314.606683653,4.8
703.6,20.815619791,155131.24724199998,725560.1763619999,310.629450073,314.595670428,4.8
704.6,20.831731496,155129.538157,725583.362527,310.618302072,314.584606996,4.8
705.6,20.850391503,155127.827551,725606.589788,310.607154864,314.573511084,4.8
706.6,20.868258478,155126.117607,725629.807223,310.596006265,314.562424022,4.8
707.6,20.888172532,155124.404535,725653.108163,310.584853714,314.55128403,4.8
708.6,20.907568258,155122.69539,725676.325858,310.573699863,314.540211736,4.8
709.6,20.927908504,155120.989003,725699.4951609999,310.562552328,314.529176686,4.8
710.6,20.944399629,155119.28124399998,725722.70087,310.551405073,314.518114337,4.8
711.6,20.960723933,155117.57621,725745.850844,310.540262027,314.507090853,4.8
712.6,20.978067448,155115.867876,725769.087568,310.529121712,314.49600225,4.8
713.6,20.996012443,155114.159463,725792.3367389999,310.517979614,314.484910913,4.8
714.6,21.013093668,155112.45368,725815.533709,310.506838328,314.473861055,4.8
715.6,21.030148882,155110.747535,725838.7495479999,310.495698412,314.462799702,4.8
716.6,21.056916569,155109.04185799998,725861.9644579999,310.484561084,314.451740023,4.8
717.6,21.081859447,155107.33330199998,725885.2570539999,310.473420759,314.440629309,4.8
718.6,21.103965332,155105.62711,725908.50385,310.462279281,314.429557382,4.8
719.6,21.120368057,155103.923974,725931.690093,310.451141645,314.418532692,4.8
720.6,21.138565943,155102.219085,725954.924798,310.440005061,314.407472871,4.8
721.6,21.156013536,155100.514848,725978.153264,310.428870253,314.396418706,4.8
722.6,21.187652965,155098.810642,726001.390118,310.41773558,314.385360752,4.8
723.6,21.208103281,155097.104562,726024.683924,310.406601372,314.374267008,4.8
724.6,21.265802536,155095.39945199998,726047.960634,310.395464926,314.363188662,4.8
725.6,21.28356252,155093.696261,726071.202654,310.384330608,314.352138225,4.8
726.6,21.305829286,155091.99279699998,726094.4608969999,310.373198149,314.341078367,4.8
727.6,21.32313361,155090.29422799998,726117.611987,310.362071506,314.330092952,4.8
728.6,21.343841206,155088.589767,726140.911655,310.350944762,314.319001525,4.8
729.6,21.363290211,155086.886039,726164.20402,310.339816283,314.307920812,4.8
730.6,21.381093525,155085.185286,726187.4353039999,310.328689202,314.296887511,4.8
731.6,21.39799804,155083.484272,726210.681597,310.317563487,314.285843946,4.8
732.6,21.415842344,155081.785235,726233.892383,310.306440605,314.274827309,4.8
733.6,21.433280899,155080.089476,726257.033755,310.295321109,314.263860467,4.8
734.6,21.449749974,155078.388925,726280.312563,310.28420948,314.252798119,4.8
735.6,21.468451719,155076.688586,726303.5848569999,310.273095473,314.241737031,4.8
736.6,21.488228204,155074.986677,726326.903233,310.261978726,314.230646733,4.8
737.6,21.505823739,155073.28820799998,726350.151674,310.250860895,314.219614853,4.8
738.6,21.526295505,155071.590059,726373.404922,310.239746393,314.208582571,4.8
739.6,21.54544191,155069.890455,726396.699664,310.228631346,314.197521609,4.8
740.6,21.561887935,155068.195912,726419.883666,310.217518527,314.186541863,4.8
741.6,21.578007908,155066.501362,726443.088178,310.206414418,314.175549838,4.8
742.6,21.594810342,155064.80516299998,726466.334754,310.195311718,314.164522553,4.8
743.6,21.62485572,155063.10624599998,726489.652965,310.184205942,314.15344669,4.8
744.6,21.648519927,155061.407713,726512.9736039999,310.173097579,314.142377411,4.8
745.6,21.666068501,155059.71248699998,726536.226653,310.161990433,314.131361373,4.8
746.6,21.683774985,155058.017414,726559.4842889999,310.150884776,314.12034347,4.8
747.6,21.70173518,155056.322719,726582.743835,310.139782661,314.109324024,4.8
748.6,21.721974936,155054.62729899999,726606.029381,310.128680221,314.098289282,4.8
749.6,21.767523568,155052.930983,726629.347895,310.117578928,314.087233828,4.8
750.6,21.786423923,155051.237689,726652.602062,310.106475482,314.076230088,4.8
751.6,21.817869382,155049.543526,726675.8851429999,310.095374154,314.0652067,4.8
752.6,21.837794106,155047.848859,726699.194276,310.084275864,314.054165278,4.8
753.6,21.855168461,155046.156193,726722.462677,310.073176583,314.043158239,4.8
754.6,21.874184895,155044.464478,726745.7182499999,310.062079781,314.032160687,4.8
755.6,21.897529791,155042.770204,726769.044484,310.05098522,314.021114007,4.8
756.6,21.915633546,155041.077564,726792.3403919999,310.039889864,314.010092,4.8
757.6,21.932346691,155039.389894,726815.5358879999,310.028801275,313.99914509,4.8
758.6,21.96744541,155037.6969,726838.861682,310.017712741,313.988101809,4.8
759.6,21.986177095,155036.005891,726862.1476039999,310.006623647,313.977088653,4.8
760.6,22.00436145,155034.31560499998,726885.42901,309.995536713,313.966082015,4.8
761.6,22.025756325,155032.624787,726908.733213,309.984450511,313.955062556,4.8
762.6,22.070117306,155030.934889,726932.024202,309.973363358,313.944056373,4.8
763.6,22.08703644,155029.24855699998,726955.240076,309.962280414,313.933103785,4.8
764.6,22.106125755,155027.556956,726978.593422,309.951199135,313.92205394,4.8
765.6,22.12460347,155025.867827,727001.897395,309.940117002,313.911044183,4.8
766.6,22.141260934,155024.17887099998,727025.2075169999,309.929035268,313.900034841,4.8
767.6,22.158497088,155022.488732,727048.553732,309.917952749,313.889001007,4.8
768.6,22.178651283,155020.800805,727071.858697,309.906870698,313.878001736,4.8
769.6,22.197037058,155019.11320999998,727095.1663309999,309.895790924,313.867003228,4.8
770.6,22.214401882,155017.425126,727118.4933079999,309.884711215,313.855993722,4.8
771.6,22.259437384,155015.738547,727141.7931639999,309.873633702,313.845004221,4.8
772.6,22.277316299,155014.052532,727165.088402,309.862558513,313.834018458,4.8
773.6,22.299223464,155012.36392899998,727188.4561749999,309.851483312,313.822984416,4.8
774.6,22.318316318,155010.678636,727211.752385,309.840409548,313.81200225,4.8
775.6,22.335928763,155008.99391699999,727235.045233,309.829337538,313.801023968,4.8
776.6,22.375453033,155007.307371,727258.393222,309.818265193,313.790011013,4.8
777.6,22.393418088,155005.624057,727281.6728429999,309.807193845,313.779049777,4.8
778.6,22.429634127,155003.939579,727304.995246,309.796126736,313.768060367,4.8
779.6,22.447300651,155002.25351,727328.3645799999,309.785058962,313.757040377,4.8
780.6,22.463926416,155000.57353999998,727351.5922249999,309.7739944,313.74611835,4.8
781.6,22.500524596,154998.889051,727374.9397699999,309.76293362,313.735109981,4.8
782.6,22.524981151,154997.203815,727398.314454,309.751869817,313.724087845,4.8
783.6,22.542808745,154995.521191,727421.6380169999,309.740806131,313.713108096,4.8
784.6,22.56047421,154993.837225,727445.0010599999,309.729742067,313.702103311,4.8
785.6,22.577495994,154992.155394,727468.326824,309.718681463,313.691126963,4.8
786.6,22.596149999,154990.47305,727491.671784,309.707621274,313.680137966,4.8
787.6,22.614740025,154988.791221,727515.0136569999,309.696561081,313.669153856,4.8
788.6,22.635893419,154987.10973999999,727538.358152,309.685501245,313.65817345,4.8
789.6,22.664094138,154985.427242,727561.73622,309.674442176,313.647171019,4.8
790.6,22.685386434,154983.74438,727585.1323919999,309.663383039,313.636158548,4.8
791.6,22.711079021,154982.070654,727608.3249799999,309.652328177,313.625296637,4.8
792.6,22.74405304,154980.388898,727631.716993,309.641278911,313.614286075,4.8
793.6,22.763735815,154978.708826,727655.074007,309.630228643,313.603301597,4.8
794.6,22.78171351,154977.029303,727678.4271,309.619178579,313.592321843,4.8
795.6,22.799120174,154975.35109399998,727701.7594539999,309.608131095,313.581358936,4.8
796.6,22.81879906,154973.673058,727725.098135,309.59708259,313.57039554,4.8
797.6,22.836380274,154971.994707,727748.456452,309.586036666,313.559421569,4.8
798.6,22.865412022,154970.31996999998,727771.7374819999,309.574995064,313.548500901,4.8
799.6,22.884319158,154968.63945299998,727795.167847,309.563952902,313.537476871,4.8
800.6,22.901740701,154966.962272,727818.527352,309.552908933,313.526509637,4.8
801.6,22.918235926,154965.286472,727841.8701139999,309.541866922,313.515560785,4.8
802.6,22.935729671,154963.60748,727865.2969249999,309.530823672,313.504555374,4.8
803.6,22.952337555,154961.93279299999,727888.627108,309.519783186,313.493618407,4.8
804.6,22.968876859,154960.257926,727911.970932,309.50874525,313.482670672,4.8
805.6,23.002631559,154958.58336299998,727935.3154269999,309.497709655,313.471723175,4.8
806.6,23.022671643,154956.908766,727958.669349,309.486676001,313.460768684,4.8
807.6,23.094265633,154955.234584,727982.021794,309.475639621,313.449819925,4.8
808.6,23.11519273,154953.557761,728005.46304,309.464605484,313.438820947,4.8
809.6,23.141265227,154951.883423,728028.8432519999,309.453570642,313.427861456,4.8
810.6,23.170986475,154950.209789,728052.213565,309.442536609,313.416910332,4.8
811.6,23.198057452,154948.534399,728075.6366109999,309.431502827,313.405925506,4.8
812.6,23.215717086,154946.860429,728099.0339329999,309.42046959,313.394961105,4.8
813.6,23.237647472,154945.18569399999,728122.459819,309.409435376,313.383982603,4.8
814.6,23.255042166,154943.513722,728145.826782,309.398402198,313.37304751,4.8
815.6,23.272403171,154941.843849,728169.1554609999,309.387373013,313.362141583,4.8
816.6,23.293944526,154940.172445,728192.533354,309.376348422,313.351200403,4.8
817.6,23.328215805,154938.499249,728215.9582829999,309.365323564,313.340223235,4.8
818.6,23.349037471,154936.828523,728239.332345,309.354298595,313.329286204,4.8
819.6,23.366802756,154935.157854,728262.7174389999,309.343274748,313.318344046,4.8
820.6,23.384526111,154933.48780499998,728286.097175,309.332254904,313.307405402,4.8
821.6,23.403165455,154931.817565,728309.491333,309.321235256,313.296460083,4.8
822.6,23.46159273,154930.146737,728332.912527,309.310216185,313.285499606,4.8
823.6,23.478971235,154928.476974,728356.314864,309.299195687,313.274555854,4.8
824.6,23.496833079,154926.80816699998,728379.704779,309.28817709,313.263623362,4.8
825.6,23.517015954,154925.138413,728403.12819,309.277158202,313.252671764,4.8
826.6,23.563589246,154923.468015,728426.575997,309.266138725,313.241706529,4.8
827.6,23.5814442,154921.800777,728449.955953,309.255120697,313.230791815,4.8
828.6,23.603069116,154920.133675,728473.3424119999,309.24410666,313.219871974,4.8
829.6,23.61918123,154918.471916,728496.625701,309.233102575,313.209029773,4.8
830.6,23.636969064,154916.80124,728520.126951,309.222096322,313.198027719,4.8
831.6,23.653492389,154915.134024,728543.5446769999,309.211088583,313.18708578,4.8
832.6,23.677440905,154913.466161,728566.9889519999,309.200078589,313.176131558,4.8
833.6,23.696750949,154911.803077,728590.332476,309.189071173,313.165254433,4.8
834.6,23.716401835,154910.137661,728613.743423,309.178067145,313.154330134,4.8
835.6,23.733823579,154908.471319,728637.182335,309.167065172,313.143383062,4.8
836.6,23.749049404,154906.810019,728660.513493,309.156065786,313.132518151,4.8
837.6,23.780278082,154905.143685,728683.9760489999,309.145068218,313.121558413,4.8
838.6,23.800010407,154903.48227799998,728707.33249,309.134074759,313.110676701,4.8
839.6,23.817914423,154901.81571599998,728730.8169259999,309.123076912,313.099704596,4.8
840.6,23.836105327,154900.15216599999,728754.238139,309.112077954,313.088783341,4.8
841.6,23.853752292,154898.488202,728777.681308,309.101080033,313.077851968,4.8
842.6,23.872107867,154896.827605,728801.049856,309.090082744,313.066975128,4.8
843.6,23.889008401,154895.164388,728824.494708,309.079089607,313.056045052,4.8
844.6,23.906557166,154893.50371299998,728847.886084,309.068098909,313.045153113,4.8
845.6,23.92318444,154891.841542,728871.3243229999,309.057109401,313.03422925,4.8
846.6,23.942957115,154890.179807,728894.762453,309.046121334,313.023308066,4.8
847.6,23.96011849,154888.517201,728918.2309999999,309.035130815,313.012369548,4.8
848.6,23.986440777,154886.85606299998,728941.6745,309.024138102,313.001457299,4.8
849.6,24.006123782,154885.193067,728965.174522,309.013147001,312.990508038,4.8
850.6,24.022565815,154883.534631,728988.570375,309.00215669,312.979635099,4.8
851.6,24.038613229,154881.902996,729011.872734,308.991172916,312.968824391,4.8
852.6,24.072335209,154880.217752,729035.400165,308.980193078,312.957859116,4.8
853.6,24.107865708,154878.556421,729058.894815,308.969209901,312.946915457,4.8
854.6,24.161982952,154876.899432,729082.295563,308.958227123,312.936041922,4.8
855.6,24.178853346,154875.240975,729105.742296,308.947246984,312.925138882,4.8
856.6,24.198845631,154873.603413,729129.226884,308.936268212,312.914251972,4.8
857.6,24.217089056,154871.926007,729152.6350349999,308.925289993,312.903352333,4.8
858.6,24.238217421,154870.268924,729176.0635439999,308.914313516,312.892458618,4.8
859.6,24.256253716,154868.611409,729199.521146,308.903339901,312.881551655,4.8
860.6,24.275954791,154866.952809,729223.019932,308.892364306,312.870621669,4.8
861.6,24.306878969,154865.293668,729246.54129,308.881386118,312.859683396,4.8
862.6,24.323915933,154863.638392,729269.9764289999,308.870408387,312.848809581,4.8
863.6,24.361624264,154861.98194599999,729293.4538469999,308.859434181,312.837907252,4.8
864.6,24.378798978,154860.32960599998,729316.837572,308.84846317,312.827070584,4.8
865.6,24.395900103,154858.675383,729340.278132,308.837496006,312.816193501,4.8
866.6,24.412419588,154857.02206,729363.7061409999,308.826531889,312.805323737,4.8
867.6,24.430402602,154855.365499,729387.224085,308.815567486,312.794393013,4.8
868.6,24.465190131,154853.736363,729410.631485,308.804602722,312.783544545,4.8
869.6,24.483498436,154852.060397,729434.104995,308.793641567,312.772659334,4.8
870.6,24.505691292,154850.408345,729457.552509,308.782682685,312.761791157,4.8
871.6,24.521965017,154848.755851,729481.0160889999,308.771724186,312.750910027,4.8
872.6,24.539211811,154847.1031,729504.499956,308.760767069,312.740020079,4.8
873.6,24.556871146,154845.45275199998,729527.9270919999,308.749810303,312.729168304,4.8
874.6,24.577282051,154843.798414,729551.4706519999,308.738855626,312.718239907,4.8
875.6,24.594753615,154842.145575,729574.978186,308.727898285,312.707338296,4.8
876.6,24.628918774,154840.492285,729598.504567,308.716938587,312.696427272,4.8
877.6,24.65386443,154838.844551,729621.9058419999,308.705981798,312.685609092,4.8
878.6,24.672766305,154837.194122,729645.3928169999,308.695030669,312.67473394,4.8
879.6,24.710592436,154835.544357,729668.86471,308.684081358,312.663864425,4.8
880.6,24.754084398,154833.894014,729692.357231,308.673129725,312.652983289,4.8
881.6,24.771475992,154832.24509399998,729715.8252239999,308.662180144,312.642122191,4.8
882.6,24.788510027,154830.596377,729739.3001049999,308.651232868,312.631257758,4.8
883.6,24.819639315,154828.946669,729762.808007,308.640284183,312.620374457,4.8
884.6,24.852098143,154827.296779,729786.33176,308.62933656,312.609482719,4.8
885.6,24.869826468,154825.648193,729809.8330519999,308.6183886,312.598611249,4.8
886.6,24.891505284,154824.00386,729833.2442699999,308.607445466,312.587806264,4.8
887.6,24.910483088,154822.35741199998,729856.7222399999,308.59650722,312.576954073,4.8
888.6,24.939639166,154820.710039,729880.22246,308.585568952,312.566082679,4.8
889.6,24.958353911,154819.06295999998,729903.725455,308.574630094,312.555212527,4.8
890.6,24.977461405,154817.41732,729927.206255,308.563693469,312.544361972,4.8
891.6,24.99593245,154815.770917,729950.7149,308.552757377,312.533494396,4.8
892.6,25.021815596,154814.12520399998,729974.2186319999,308.54182412,312.522631844,4.8
893.6,25.038423111,154812.48082599998,729997.6961419999,308.53088952,312.511790229,4.8
894.6,25.056557596,154810.834511,730021.233636,308.519955332,312.500911097,4.8
895.6,25.089129495,154809.189308,730044.753356,308.509021097,312.490048674,4.8
896.6,25.10657852,154807.545094,730068.25934,308.498088574,312.479197327,4.8
897.6,25.125795575,154805.899416,730091.811271,308.487155218,312.46831852,4.8
898.6,25.153664502,154804.258939,730115.243303,308.476222978,312.457527433,4.8
899.6,25.170823208,154802.614644,730138.779687,308.465294462,312.446661598,4.8
900.6,25.189832702,154800.971466,730162.308005,308.454369986,312.43580759,4.8
901.6,25.207694458,154799.33052,730185.781299,308.443446031,312.424987542,4.8
902.6,25.225899411,154797.687285,730209.320339,308.43252353,312.414122243,4.8
903.6,25.243855886,154796.045378,730232.836283,308.421600376,312.403275935,4.8
904.6,25.26158352,154794.40511,730256.32302,308.41067755,312.392455247,4.8
905.6,25.280494665,154792.762491,730279.879262,308.399757434,312.381587749,4.8
906.6,25.29708023,154791.12232199998,730303.383256,308.388837707,312.370758853,4.8
907.6,25.324290147,154789.480319,730326.9433169999,308.377917539,312.35989505,4.8
908.6,25.344401452,154787.839248,730350.489619,308.36699709,312.349044492,4.8
909.6,25.364853488,154786.200066,730373.999712,308.356079337,312.338220732,4.8
910.6,25.383347052,154784.565727,730397.39813,308.345164896,312.32747645,4.8
911.6,25.403160608,154782.923358,730421.017702,308.334254602,312.316582658,4.8
912.6,25.440548517,154781.283741,730444.566483,308.323343127,312.30573312,4.8
913.6,25.459168372,154779.643909,730468.127979,308.312429747,312.294879595,4.8
914.6,25.477186737,154778.00472,730491.6885899999,308.301516023,312.28403325,4.8
915.6,25.496661052,154776.366871,730515.2229429999,308.290603119,312.27320618,4.8
916.6,25.514614757,154774.730239,730538.739064,308.279694127,312.262394722,4.8
917.6,25.532751321,154773.092591,730562.289906,308.268787956,312.251558386,4.8
918.6,25.552410957,154771.45639,730585.8118039999,308.257880718,312.240744771,4.8
919.6,25.56768364,154769.826449,730609.192928,308.246979077,312.230031193,4.8
920.6,25.584160285,154768.18842,730632.790967,308.236082285,312.219166715,4.8
921.6,25.60256642,154766.55176899998,730656.356808,308.225183909,312.208323435,4.8
922.6,25.624152815,154764.91597499998,730679.909837,308.214283155,312.197493098,4.8
923.6,25.658498045,154763.279613,730703.48917,308.203382867,312.18665098,4.8
924.6,25.67590581,154761.642421,730727.099362,308.19248225,312.175790027,4.8
925.6,25.694043264,154760.007377,730750.664596,308.181579684,312.164966047,4.8
926.6,25.710202609,154758.37752799998,730774.113315,308.170683218,312.154224026,4.8
927.6,25.725593902,154756.744044,730797.6699989999,308.159792394,312.143409804,4.8
928.6,25.745885087,154755.109951,730821.242431,308.148899179,312.132582274,4.8
929.6,25.762848301,154753.477074,730844.793218,308.138007169,312.12177118,4.8
930.6,25.781526826,154751.843359,730868.3755999999,308.12711498,312.110941129,4.8
931.6,25.79860509,154750.21439799998,730891.850715,308.116227154,312.100187655,4.8
932.6,25.815400675,154748.580604,730915.456665,308.105340531,312.089343643,4.8
933.6,25.839941841,154746.94866999998,730939.0262579999,308.094454356,312.078528972,4.8
934.6,25.857195116,154745.31745899998,730962.5872419999,308.083569241,312.067721645,4.8
935.6,25.87602509,154743.684469,730986.2034649999,308.072683046,312.056879959,4.8
936.6,25.894791245,154742.052987,731009.791582,308.061795867,312.046063031,4.8
937.6,25.920434862,154740.421562,731033.388356,308.050908081,312.03524536,4.8
938.6,25.95283745,154738.794525,731056.896814,308.040028465,312.024493636,4.8
939.6,25.968637165,154737.168875,731080.4035489999,308.029151877,312.013741688,4.8
940.6,25.997803803,154735.53464,731104.078136,308.018273325,312.002869193,4.8
941.6,26.034573163,154733.904865,731127.6700319999,308.007391607,311.992059878,4.8
942.6,26.052410857,154732.277665,731151.207682,307.996511844,311.981290621,4.8
943.6,26.081807465,154730.646237,731174.8619629999,307.98563304,311.970443281,4.8
944.6,26.099297689,154729.021151,731198.365734,307.974756546,311.959701,4.8
945.6,26.122397865,154727.393433,731221.946814,307.963883197,311.948905956,4.8
946.6,26.140393629,154725.764731,731245.562177,307.953008899,311.938090324,4.8
947.6,26.156887324,154724.140039,731269.094172,307.942138494,311.927337975,4.8
948.6,26.178573649,154722.511652,731292.724802,307.931267732,311.916516811,4.8
949.6,26.194645454,154720.888331,731316.2375439999,307.920398691,311.905780031,4.8
950.6,26.212723778,154719.263326,731339.802135,307.909534526,311.895004648,4.8
951.6,26.232075994,154717.636657,731363.419395,307.898673465,311.884191086,4.8
952.6,26.251481399,154716.009686,731387.051373,307.887807529,311.873374488,4.8
953.6,26.267739642,154714.389074,731410.5434569999,307.87694724,311.862660912,4.8
954.6,26.29743623,154712.763684,731434.163826,307.866088546,311.851857688,4.8
955.6,26.315044545,154711.13728599998,731457.8143839999,307.855226985,311.841035765,4.8
956.6,26.333933299,154709.513795,731481.400958,307.844365225,311.830261703,4.8
957.6,26.350415644,154707.89006099998,731505.006292,307.833505137,311.819479817,4.8
958.6,26.375625101,154706.266696,731528.610232,307.822644999,311.808700625,4.8
959.6,26.394120925,154704.643778,731552.213682,307.811787856,311.797924083,4.8
960.6,26.411868701,154703.020957,731575.8239089999,307.800931619,311.787143432,4.8
961.6,26.428198376,154701.402426,731599.336536,307.790078911,311.776431095,4.8
962.6,26.44808136,154699.77732999998,731623.029907,307.779227261,311.76559814,4.8
963.6,26.5245891,154698.153438,731646.69624,307.768370812,311.754787647,4.8
964.6,26.547059547,154696.530599,731670.3463249999,307.757514105,311.743992902,4.8
965.6,26.565350371,154694.909444,731693.96433,307.746656975,311.733226836,4.8
966.6,26.581834885,154693.29160199998,731717.515566,307.735807473,311.722508814,4.8
967.6,26.59748516,154691.676913,731740.999251,307.724966268,311.711832669,4.8
968.6,26.618611356,154690.055104,731764.665681,307.714125822,311.701024205,4.8
969.6,26.638063282,154688.433606,731788.328583,307.703280741,311.690222283,4.8
970.6,26.654298376,154686.816542,731811.893494,307.692438791,311.679492047,4.8
971.6,26.670602069,154685.19949199999,731835.4684329999,307.68159967,311.668754964,4.8
972.6,26.687626485,154683.582274,731859.060802,307.670762576,311.65800938,4.8
973.6,26.70522142,154681.963231,731882.7074419999,307.659926787,311.647226551,4.8
974.6,26.722857194,154680.344628,731906.354047,307.649090256,311.636448338,4.8
975.6,26.741145479,154678.727146,731929.9837539999,307.638254894,311.625685022,4.8
976.6,26.768340957,154677.109828,731953.6184159999,307.627417981,311.614923482,4.8
977.6,26.789486983,154675.49307599998,731977.249458,307.616581762,311.604168129,4.8
978.6,26.868690604,154673.873092,732000.972428,307.605744579,311.59335331,4.8
979.6,26.886180078,154672.259165,732024.550695,307.594907399,311.58264351,4.8
980.6,26.904261233,154670.645915,732048.1227109999,307.584075452,311.571937149,4.8
981.6,26.921923708,154669.027554,732071.8323189999,307.573244537,311.561134862,4.8
982.6,26.939875462,154667.414166,732095.425111,307.562414287,311.550417044,4.8
983.6,26.956717197,154665.800964,732119.026237,307.551589465,311.53969265,4.8
984.6,26.974958292,154664.188856,732142.6082019999,307.540766247,311.528981079,4.8
985.6,26.991409666,154662.598483,732166.206534,307.529945948,311.518257565,4.8
986.6,27.01136449,154660.960275,732189.924477,307.519125397,311.507462239,4.8
987.6,27.027304544,154659.35171699998,732213.4525959999,307.508308065,311.496795968,4.8
988.6,27.04936345,154657.736045,732237.1764199999,307.497492401,311.485997883,4.8
989.6,27.068919715,154656.122315,732260.851239,307.486673254,311.475233939,4.8
990.6,27.08763179,154654.511875,732284.451838,307.475854305,311.464525034,4.8
991.6,27.105655536,154652.89970799998,732308.1091209999,307.465037926,311.453780409,4.8
992.6,27.129140022,154651.285037,732331.838135,307.454220325,311.442989097,4.8
993.6,27.155455369,154649.697712,732355.438365,307.443400926,311.432292071,4.8
994.6,27.172835924,154648.065413,732379.089607,307.432587911,311.421567093,4.8
995.6,27.190034929,154646.455422,732402.729781,307.421774785,311.410844494,4.8
996.6,27.208360864,154644.84364,732426.424456,307.410964063,311.400083922,4.8
997.6,27.225118619,154643.233655,732450.081376,307.400151389,311.389352877,4.8
998.6,27.255038407,154641.623785,732473.7478039999,307.389340592,311.378620066,4.8
999.6,27.27044091,154640.017039,732497.3535869999,307.378533801,311.367934507,4.8
1000.6,27.295174497,154638.41077699998,732520.969776,307.367734244,311.357245447,4.8
1001.6,27.310007811,154636.827284,732544.554838,307.356935367,311.346565942,4.8
1002.6,27.327564646,154635.19492399998,732568.283527,307.346136586,311.335791936,4.8
1003.6,27.348836252,154633.58696,732591.9507459999,307.335336572,311.325060508,4.8
1004.6,27.386686873,154631.977155,732615.675438,307.324534165,311.314296106,4.8
1005.6,27.404534157,154630.367958,732639.394273,307.313729806,311.303541766,4.8
1006.6,27.422649282,154628.761483,732663.0547529999,307.302926096,311.29283269,4.8
1007.6,27.442138198,154627.154777,732686.731056,307.292124978,311.282114502,4.8
1008.6,27.495641562,154625.54751499998,732710.431089,307.281325485,311.271381092,4.8
1009.6,27.513249017,154623.944143,732734.039809,307.270527062,311.260711927,4.8
1010.6,27.530107062,154622.3396,732757.690894,307.259732595,311.25001427,4.8
1011.6,27.548628077,154620.734026,732781.377074,307.248939172,311.239293737,4.8
1012.6,27.566545231,154619.127564,732805.097555,307.23814731,311.22855199,4.8
1013.6,27.584413616,154617.522271,732828.795834,307.227353363,311.217829016,4.8
1014.6,27.602404401,154615.91785199998,732852.484707,307.21656111,311.207117282,4.8
1015.6,27.621656527,154614.31363699998,732876.1762669999,307.205770329,311.196404801,4.8
1016.6,27.660662887,154612.711655,732899.821671,307.194982145,311.185725761,4.8
1017.6,27.677266972,154611.112007,732923.417808,307.184197902,311.175078627,4.8
1018.6,27.699174107,154609.505295,732947.210109,307.173413791,311.164304734,4.8
1019.6,27.717827582,154607.903824,732970.875997,307.162628042,311.153617495,4.8
1020.6,27.733937447,154606.35296,732994.5225099999,307.151849285,311.143117585,4.8
1021.6,27.750614902,154604.710136,733018.106013,307.141084767,311.132367122,4.8
1022.6,27.768251746,154603.105995,733041.807318,307.130313568,311.12160588,4.8
1023.6,27.785372381,154601.50534,733065.4738179999,307.119539263,311.110904846,4.8
1024.7,27.803889296,154599.74367,733091.561347,307.10768681,311.099115111,4.8
1025.8,27.837520525,154597.984032,733117.6190729999,307.095837406,311.087354591,4.8
1026.9,27.858552731,154596.224879,733143.673906,307.083986949,311.075599975,4.8
1028.0,27.891442269,154594.461665,733169.8427319999,307.072135042,311.06377103,4.8
1029.1,27.914427725,154592.704497,733195.866084,307.060282144,311.052048156,4.8
1030.2,27.93372062,154590.946983,733221.915895,307.048436372,311.040307416,4.8
1031.3,27.953532356,154589.188053,733248.009001,307.036589644,311.028537632,4.8
1032.4,27.972697111,154587.428178,733274.138087,307.024742919,311.016747107,4.8
1033.5,27.993227996,154585.67111999998,733300.206659,307.012894641,311.005004947,4.8
1034.6,28.012419031,154583.91428,733326.2838089999,307.001051052,310.993258939,4.8
1035.7,28.083525899,154582.154573,733352.443808,306.989207309,310.981457577,4.8
1036.8,28.102738354,154580.398669,733378.516331,306.977363876,310.969719039,4.8
1037.9,28.128158191,154578.64521699998,733404.5397999999,306.965524599,310.95801682,4.8
1039.0,28.148936836,154576.887735,733430.6773069999,306.953687074,310.946235144,4.8
1040.1,28.189199397,154575.133019,733456.756215,306.941850805,310.934496953,4.8
1041.2,28.217721644,154573.37969899998,733482.813739,306.930017107,310.922776623,4.8
1042.3,28.237028449,154571.626079,733508.889816,306.918185417,310.911044153,4.8
1043.4,28.256942634,154569.87105699998,733535.0155709999,306.906355023,310.899281113,4.8
1044.5,28.275386539,154568.11934499998,733561.079203,306.894530604,310.887566538,4.8
1045.6,28.294880935,154566.366244,733587.1778719999,306.882702552,310.875825937,4.8
1046.7,28.313016291,154564.61746799998,733613.1923999999,306.870884537,310.864147184,4.8
1047.8,28.330633526,154562.86586299998,733639.2910849999,306.859068242,310.852410617,4.8
1048.9,28.371053498,154561.11199499998,733665.4488169999,306.847247584,310.840632529,4.8
1050.0,28.393962475,154559.358412,733691.61238,306.835424435,310.828859559,4.8
1051.1,28.419186161,154557.61099699998,733717.629566,306.823603366,310.817191396,4.8
1052.2,28.444935978,154555.861722,733743.719317,306.811789603,310.805479263,4.8
1053.3,28.468493305,154554.109509,733769.883983,306.799973862,310.793711091,4.8
1054.4,28.48820925,154552.360068,733795.987388,306.788157142,310.781989243,4.8
1055.5,28.518544128,154550.609375,733822.137168,306.776341789,310.770240323,4.8
1056.6,28.549934846,154548.861241,733848.231224,306.764525724,310.758534078,4.8
1057.7,28.594621969,154547.11046199998,733874.408159,306.752712856,310.746774484,4.8
1058.8,28.613023074,154545.368257,733900.3833699999,306.740903687,310.73515223,4.8
1059.9,28.630622928,154543.621398,733926.480432,306.729103203,310.723445365,4.8
1061.0,28.650354094,154541.872466,733952.645918,306.717300496,310.711692065,4.8
1062.1,28.674981521,154540.124675,733978.794533,306.705496427,310.699956532,4.8
1063.2,28.720791123,154538.37632799998,734004.968621,306.693689323,310.688209931,4.8
1064.3,28.740521597,154536.630106,734031.1022549999,306.681882753,310.676498884,4.8
1065.4,28.767630534,154534.88337199998,734057.259907,306.670077273,310.664772116,4.8
1066.5,28.79373342,154533.13685,734083.423571,306.658273904,310.653044753,4.8
1067.6,28.811721774,154531.39386399998,734109.509327,306.646474683,310.641372346,4.8
1068.7,28.83200751,154529.649459,734135.640561,306.634676278,310.629668473,4.8
1069.8,28.857107946,154527.90915,734161.6798899999,306.622881413,310.61803,4.8
1070.9,28.875850331,154526.16457999998,734187.8435859999,306.61109236,310.60630438,4.8
1072.0,28.894287266,154524.423435,734213.9377349999,306.599305937,310.594632142,4.8
1073.1,28.921545593,154522.677405,734240.163952,306.587517332,310.582868781,4.8
1074.2,28.942757748,154520.935501,734266.2939769999,306.575726516,310.571177868,4.8
1075.3,28.960547822,154519.19686,734292.354419,306.563940626,310.559536159,4.8
1076.4,28.980398787,154517.453856,734318.5420819999,306.552157945,310.547809493,4.8
1077.5,28.999184433,154515.711965,734344.708791,306.540372787,310.536100727,4.8
1078.6,29.044324365,154513.96957,734370.9031519999,306.528589883,310.524376994,4.8
1079.7,29.063576249,154512.22992399998,734397.0355659999,306.516804028,310.512701028,4.8
1080.8,29.093519937,154510.489249,734423.2116939999,306.505022963,310.500999046,4.8
1081.9,29.111710882,154508.752978,734449.283935,306.493245589,310.489366984,4.8
1083.0,29.130194876,154507.012652,734475.4721499999,306.481469951,310.47765634,4.8
1084.1,29.150711842,154505.277091,734501.551165,306.469699678,310.466020569,4.8
1085.2,29.170551437,154503.539219,734527.711531,306.457932371,310.454334601,4.8
1086.3,29.187924081,154501.80335899998,734553.825644,306.446163723,310.44268084,4.8
1087.4,29.217314719,154500.062785,734580.081091,306.434394893,310.430938422,4.8
1088.5,29.271847704,154498.324542,734606.2784709999,306.422623067,310.419238223,4.8
1089.6,29.301355902,154496.590027,734632.391688,306.410854597,310.407597787,4.8
1090.7,29.320774038,154494.853794,734658.560552,306.399088832,310.395919644,4.8
1091.8,29.339070493,154493.119547,734684.6910379999,306.387326622,310.38426906,4.8
1092.9,29.357841988,154491.384461,734710.8549179999,306.375566449,310.372596627,4.8
1094.0,29.377427313,154489.649124,734737.0390079999,306.363808023,310.360913354,4.8
1095.1,29.399179788,154487.91522999998,734763.197041,306.352049341,310.349250397,4.8
1096.2,29.418028664,154486.181787,734789.357781,306.340293835,310.337589056,4.8
1097.3,29.438708769,154484.447348,734815.556507,306.328539237,310.325904825,4.8
1098.4,29.458810655,154482.713823,734841.742707,306.316782571,310.314234741,4.8
1099.5,29.491173012,154480.983428,734867.8679269999,306.305030132,310.302613405,4.8
1100.6,29.550640878,154479.250911,734894.0606399999,306.293279765,310.290946901,4.8
1101.7,29.576453865,154477.518323,734920.268189,306.281531098,310.279273092,4.8
1102.8,29.603239151,154475.785425,734946.4858329999,306.269780962,310.267591225,4.8
1103.9,29.63791379,154474.05475399998,734972.6896909999,306.258032265,310.255943531,4.8
1105.0,29.656464025,154472.324169,734998.846395,306.246285643,310.244291738,4.8
1106.1,29.680145931,154470.594479,735025.0116689999,306.234541925,310.232648816,4.8
1107.2,29.700188257,154468.865986,735051.168497,306.222801259,310.221018974,4.8
1108.3,29.720096591,154467.135439,735077.387168,306.211060109,310.209348143,4.8
1109.4,29.742674807,154465.40516599998,735103.611315,306.199320409,310.197676984,4.8
1110.5,29.761387263,154463.677858,735129.7698669999,306.18758248,310.186052702,4.8
1111.6,29.781189968,154461.951355,735155.9212819999,306.175848823,310.174433892,4.8
1112.7,29.800081704,154460.223269,735182.1264889999,306.164116314,310.162781756,4.8
1113.8,29.828801101,154458.495046,735208.346821,306.15238295,310.151122992,4.8
1114.9,29.848591627,154456.767418,735234.5633149999,306.140649529,310.139470962,4.8
1116.0,29.882920397,154455.041948,735260.7646959999,306.128922233,310.127846409,4.8
1117.1,29.903222212,154453.316027,735286.9500589999,306.117194341,310.116211149,4.8
1118.2,29.921755087,154451.590444,735313.14799,306.105466129,310.104577761,4.8
1119.3,29.942346492,154449.864308,735339.375578,306.093740222,310.092928311,4.8
1120.4,29.961089916,154448.14187999998,735365.591816,306.082014467,310.081340295,4.8
1121.5,29.986956413,154446.416288,735391.7789909999,306.070295706,310.06968561,4.8
1122.6,30.008668339,154444.690057,735418.031711,306.05857236,310.058018807,4.8
1123.7,30.027980824,154442.968053,735444.1975329999,306.046852606,310.04642004,4.8
1124.8,30.046717679,154441.24322499998,735470.452086,306.035133529,310.034766018,4.8
1125.9,30.066623805,154439.521839,735496.630298,306.023417783,310.023166014,4.8
1127.0,30.08541538,154437.801206,735522.799933,306.011704217,310.011573185,4.8
1128.1,30.108715626,154436.076,735549.102588,305.999989837,309.999894668,4.8
1129.2,30.129745181,154434.355695,735575.289275,305.988278031,309.988296868,4.8
1130.3,30.151372806,154432.632181,735601.5710079999,305.976564664,309.976639279,4.8
1131.4,30.170103082,154430.912678,735627.758938,305.964851978,309.965049096,4.8
1132.5,30.191686678,154429.190468,735654.034624,305.953142122,309.953403947,4.8
1133.6,30.211502194,154427.47390399998,735680.172177,305.941433455,309.941854943,4.8
1134.7,30.231640738,154425.752599,735706.465228,305.929729937,309.93021134,4.8
1135.8,30.267754808,154424.032721,735732.7120109999,305.918026196,309.918588585,4.8
1136.9,30.301680846,154422.31180999998,735758.994877,305.906322506,309.906942031,4.8
1138.0,30.319416062,154420.59935899999,735785.069665,305.894622217,309.895440724,4.8
1139.1,30.340756998,154418.88026,735811.3459889999,305.882928978,309.883808237,4.8
1140.2,30.360335033,154417.160245,735837.644159,305.871233691,309.872155226,4.8
1141.3,30.378274468,154415.445904,735863.80739,305.85954116,309.860596776,4.8
1142.4,30.407995407,154413.727049,735890.102508,305.847847577,309.84895479,4.8
1143.5,30.437407314,154412.008981,735916.3888249999,305.836152146,309.837325096,4.8
1144.6,30.456014198,154410.294691,735942.589465,305.824459337,309.825757613,4.8
1145.7,30.476791104,154408.57626,735968.910269,305.812767074,309.814110991,4.8
1146.8,30.496510299,154406.863196,735995.1015239999,305.801075545,309.80255655,4.8
1147.9,30.516143474,154405.147257,736021.3817929999,305.789387768,309.79094254,4.8
1149.0,30.53497884,154403.435076,736047.5739429999,305.777702109,309.779389622,4.8
1150.1,30.555862275,154401.72047899998,736073.843707,305.766020662,309.767783879,4.8
1151.2,30.575473821,154400.006255,736100.113762,305.754338729,309.756180308,4.8
1152.3,30.594268806,154398.292906,736126.374724,305.742656385,309.744589088,4.8
1153.4,30.613480471,154396.579479,736152.650754,305.730975818,309.732990206,4.8
1154.5,30.644901519,154394.866938,736178.916063,305.719296117,309.721402975,4.8
1155.6,30.661595793,154393.15964,736205.0687909999,305.707624045,309.709897737,4.8
1156.7,30.692211611,154391.450083,736231.2900139999,305.695956168,309.698341405,4.8
1157.8,30.711911365,154389.735838,736257.640642,305.684288198,309.686696222,4.8
1158.9,30.731026961,154388.02856099998,736283.878265,305.672619015,309.675172342,4.8
1160.0,30.752342826,154386.316701,736310.1428299999,305.660953298,309.663558846,4.8
1161.1,30.775105652,154384.60566,736336.430835,305.64928371,309.651960447,4.8
1162.2,30.794103877,154382.895661,736362.7148,305.637615959,309.640375237,4.8
1163.3,30.813728102,154381.189402,736388.9126169999,305.625951681,309.628850171,4.8
1164.4,30.865183445,154379.47886,736415.238545,305.614288458,309.617242865,4.8
1165.5,30.887805172,154377.76912399998,736441.553782,305.602624382,309.605646945,4.8
1166.6,30.907344557,154376.061506,736467.82409,305.590959276,309.594086616,4.8
1167.7,30.950359419,154374.35264199998,736494.141099,305.579296344,309.582498571,4.8
1168.8,30.969600634,154372.646943,736520.386461,305.567638408,309.570957511,4.8
1169.9,30.989016839,154370.94015,736546.6731,305.555982362,309.559391295,4.8
1171.0,31.008899425,154369.233343,736572.969678,305.544326883,309.547818668,4.8
1172.1,31.031662311,154367.528998,736599.214135,305.532672644,309.536285124,4.8
1173.2,31.059588508,154365.826343,736625.436671,305.521024512,309.524771119,4.8
1174.3,31.078288144,154364.120597,736651.7484469999,305.509378722,309.513193579,4.8
1175.4,31.097999129,154362.416738,736678.0193899999,305.497733687,309.501644283,4.8
1176.5,31.117325405,154360.712726,736704.306368,305.486089057,309.490087779,4.8
1177.6,31.167904048,154359.00868,736730.608897,305.474446197,309.478524451,4.8
1178.7,31.188091864,154357.303662,736756.949817,305.462802494,309.466940783,4.8
1179.8,31.249139911,154355.602813,736783.1911269999,305.451159049,309.455428163,4.8
1180.9,31.269188835,154353.900623,736809.484561,305.439520943,309.443882317,4.8
1182.0,31.287618781,154352.199348,736835.770168,305.427884739,309.432345975,4.8
1183.1,31.308888876,154350.498043,736862.068597,305.416250852,309.420802233,4.8
1184.2,31.328226091,154348.798217,736888.333402,305.404617878,309.409279661,4.8
1185.3,31.346646556,154347.098218,736914.616849,305.392989086,309.397744747,4.8
1186.4,31.365234561,154345.397007,736940.943812,305.381359886,309.386183958,4.8
1187.5,31.3967112,154343.695424,736967.2921109999,305.369728406,309.374614566,4.8
1188.6,31.415796344,154341.996924,736993.5745059999,305.358098787,309.363095018,4.8
1189.7,31.440977602,154340.29675,737019.9124169999,305.346470559,309.351541967,4.8
1190.8,31.467941399,154338.600656,737046.152165,305.334844037,309.340055906,4.8
1191.9,31.5077075,154336.900624,737072.510333,305.32322003,309.328491854,4.8
1193.0,31.526692895,154335.204242,737098.783847,305.31159767,309.316988387,4.8
1194.1,31.548024621,154333.509731,737125.023509,305.29998253,309.30550626,4.8
1195.2,31.567943576,154331.81068199998,737151.39105,305.288366005,309.293937706,4.8
1196.3,31.615658069,154330.11264099999,737177.7458629999,305.276746594,309.282386516,4.8
1197.4,31.646548036,154328.416921,737204.053826,305.265131201,309.27086989,4.8
1198.5,31.678362774,154326.719396,737230.419852,305.253514603,309.259317915,4.8
1199.6,31.710367873,154325.025859,737256.693016,305.241902082,309.247829864,4.8
1200.0,31.718788565,154324.408037,737266.3031049999,305.237678845,309.243616168,4.8
